{"v":"5.7.13","fr":75,"ip":0,"op":72,"w":204,"h":167,"nm":"204x167","ddd":0,"assets":[{"id":"image_0","w":32,"h":21,"u":"images/","p":"img_0.png","e":0},{"id":"image_1","w":132,"h":132,"u":"images/","p":"img_1.png","e":0},{"id":"image_2","w":204,"h":167,"u":"images/","p":"img_2.png","e":0},{"id":"comp_0","nm":"预合成 10","layers":[{"ddd":0,"ind":1,"ty":2,"nm":"椭圆形新.png","cl":"png","refId":"image_1","sr":1,"ks":{"o":{"a":1,"k":[{"i":{"x":[0.833],"y":[0.833]},"o":{"x":[0.167],"y":[0.167]},"t":7,"s":[0]},{"i":{"x":[0.833],"y":[0.833]},"o":{"x":[0.167],"y":[0.167]},"t":18,"s":[78]},{"i":{"x":[0.833],"y":[0.833]},"o":{"x":[0.167],"y":[0.167]},"t":23,"s":[78]},{"i":{"x":[0.833],"y":[0.833]},"o":{"x":[0.167],"y":[0.167]},"t":26,"s":[96]},{"i":{"x":[0.833],"y":[0.833]},"o":{"x":[0.167],"y":[0.167]},"t":33,"s":[96]},{"i":{"x":[0.833],"y":[0.833]},"o":{"x":[0.167],"y":[0.167]},"t":43,"s":[100]},{"i":{"x":[0.833],"y":[0.833]},"o":{"x":[0.167],"y":[0.167]},"t":51,"s":[96]},{"i":{"x":[0.833],"y":[0.833]},"o":{"x":[0.167],"y":[0.167]},"t":59,"s":[72]},{"t":71,"s":[0]}],"ix":11},"r":{"a":0,"k":0,"ix":10},"p":{"a":1,"k":[{"i":{"x":0.833,"y":0.833},"o":{"x":0.167,"y":0.167},"t":0,"s":[254.5,186.5,0],"to":[0,0,0],"ti":[0,0,0]},{"i":{"x":0.833,"y":0.833},"o":{"x":0.167,"y":0.167},"t":5,"s":[249,217,0],"to":[0,0,0],"ti":[0,0,0]},{"i":{"x":0.833,"y":0.833},"o":{"x":0.167,"y":0.167},"t":11,"s":[200,272,0],"to":[0,0,0],"ti":[8.934,-0.137,0]},{"i":{"x":0.833,"y":0.833},"o":{"x":0.167,"y":0.167},"t":23,"s":[176.25,279,0],"to":[-10.875,0.167,0],"ti":[1.131,13.888,0]},{"i":{"x":0.833,"y":0.833},"o":{"x":0.167,"y":0.167},"t":27,"s":[146.25,258,0],"to":[-1.446,-17.753,0],"ti":[-10.562,4.188,0]},{"i":{"x":0.833,"y":0.833},"o":{"x":0.167,"y":0.167},"t":30.246,"s":[168.5,230.5,0],"to":[10.562,-4.188,0],"ti":[-25.479,-6.417,0]},{"i":{"x":0.833,"y":0.833},"o":{"x":0.167,"y":0.167},"t":39,"s":[211.625,232.875,0],"to":[26.979,24.417,0],"ti":[-19.458,0.396,0]},{"t":71,"s":[320.031,285.469,0]}],"ix":2,"l":2},"a":{"a":0,"k":[66,66,0],"ix":1,"l":2},"s":{"a":1,"k":[{"i":{"x":[0.833,0.833,0.833],"y":[0.833,0.833,0.833]},"o":{"x":[0.167,0.167,0.167],"y":[0.167,0.167,0.167]},"t":5,"s":[61.5,61.5,100]},{"i":{"x":[0.833,0.833,0.833],"y":[0.833,0.833,0.833]},"o":{"x":[0.167,0.167,0.167],"y":[0.167,0.167,0.167]},"t":10,"s":[52,14,100]},{"i":{"x":[0.833,0.833,0.833],"y":[0.833,0.833,0.833]},"o":{"x":[0.167,0.167,0.167],"y":[0.167,0.167,0.167]},"t":21,"s":[78,78,100]},{"i":{"x":[0.833,0.833,0.833],"y":[0.833,0.833,0.833]},"o":{"x":[0.167,0.167,0.167],"y":[0.167,0.167,0.167]},"t":26,"s":[111,111,100]},{"i":{"x":[0.833,0.833,0.833],"y":[0.833,0.833,0.833]},"o":{"x":[0.167,0.167,0.167],"y":[0.167,0.167,0.167]},"t":42,"s":[90.705,72.824,100]},{"i":{"x":[0.833,0.833,0.833],"y":[0.833,0.833,0.833]},"o":{"x":[0.167,0.167,0.167],"y":[0.167,0.167,0.167]},"t":45,"s":[90.705,72.824,100]},{"i":{"x":[0.833,0.833,0.833],"y":[0.833,0.833,0.833]},"o":{"x":[0.167,0.167,0.167],"y":[0.167,0.167,0.167]},"t":49,"s":[98.179,78.824,100]},{"i":{"x":[0.833,0.833,0.833],"y":[0.833,0.833,0.833]},"o":{"x":[0.167,0.167,0.167],"y":[0.167,0.167,0.167]},"t":59,"s":[100,99.333,100]},{"t":71,"s":[171,142.499,100]}],"ix":6,"l":2}},"ao":0,"ip":10,"op":72,"st":0,"bm":0}]},{"id":"comp_1","nm":"预合成 11","layers":[{"ddd":0,"ind":4,"ty":2,"nm":"椭圆形新.png","cl":"png","refId":"image_1","sr":1,"ks":{"o":{"a":1,"k":[{"i":{"x":[0.833],"y":[0.833]},"o":{"x":[0.167],"y":[0.167]},"t":0,"s":[0]},{"i":{"x":[0.833],"y":[0.833]},"o":{"x":[0.167],"y":[0.167]},"t":2,"s":[56]},{"i":{"x":[0.833],"y":[0.833]},"o":{"x":[0.167],"y":[0.167]},"t":7,"s":[64]},{"i":{"x":[0.833],"y":[0.833]},"o":{"x":[0.167],"y":[0.167]},"t":10,"s":[90]},{"i":{"x":[0.833],"y":[0.833]},"o":{"x":[0.167],"y":[0.167]},"t":27,"s":[90]},{"t":30,"s":[0]}],"ix":11},"r":{"a":0,"k":0,"ix":10},"p":{"a":1,"k":[{"i":{"x":0.833,"y":0.833},"o":{"x":0.167,"y":0.167},"t":0,"s":[254.5,186.5,0],"to":[0,0,0],"ti":[0,0,0]},{"i":{"x":0.833,"y":0.833},"o":{"x":0.167,"y":0.167},"t":5,"s":[249,217,0],"to":[0,0,0],"ti":[0,0,0]},{"i":{"x":0.833,"y":0.833},"o":{"x":0.167,"y":0.167},"t":10,"s":[241,274.5,0],"to":[0,0,0],"ti":[0,0,0]},{"t":30,"s":[125.5,308,0]}],"ix":2,"l":2},"a":{"a":0,"k":[66,66,0],"ix":1,"l":2},"s":{"a":1,"k":[{"i":{"x":[0.833,0.833,0.833],"y":[0.833,0.833,0.833]},"o":{"x":[0.167,0.167,0.167],"y":[0.167,0.167,0.167]},"t":0,"s":[220.5,101.5,100]},{"i":{"x":[0.833,0.833,0.833],"y":[0.833,0.833,0.833]},"o":{"x":[0.167,0.167,0.167],"y":[0.167,0.167,0.167]},"t":5,"s":[101.5,101.5,100]},{"i":{"x":[0.833,0.833,0.833],"y":[0.833,0.833,0.833]},"o":{"x":[0.167,0.167,0.167],"y":[0.167,0.167,0.167]},"t":10,"s":[169,130,100]},{"t":30,"s":[156,156,100]}],"ix":6,"l":2}},"ao":0,"ip":0,"op":37,"st":0,"bm":0}]}],"layers":[{"ddd":0,"ind":3,"ty":2,"nm":"路径备份 9.png","cl":"png","refId":"image_0","sr":1,"ks":{"o":{"a":0,"k":100,"ix":11},"r":{"a":0,"k":0,"ix":10},"p":{"a":0,"k":[134,68.875,0],"ix":2,"l":2},"a":{"a":0,"k":[16,10.5,0],"ix":1,"l":2},"s":{"a":0,"k":[105,80,100],"ix":6,"l":2}},"ao":0,"ip":0,"op":72,"st":0,"bm":0},{"ddd":0,"ind":8,"ty":0,"nm":"预合成 10","refId":"comp_0","sr":1,"ks":{"o":{"a":0,"k":100,"ix":11},"r":{"a":0,"k":0,"ix":10},"p":{"a":0,"k":[102,83.5,0],"ix":2,"l":2},"a":{"a":0,"k":[225,225,0],"ix":1,"l":2},"s":{"a":0,"k":[136,136,100],"ix":6,"l":2}},"ao":0,"hasMask":true,"masksProperties":[{"inv":false,"mode":"a","pt":{"a":0,"k":{"i":[[0,0],[0,0],[0,0],[-18.614,0],[-12.752,-5.957],[0,0],[0,0],[0,0],[-2.534,-1.23],[0,0],[-0.667,-0.321],[0,0],[-20.908,0.564],[0.085,-1.814],[9.479,0],[2.797,0.918],[11.567,7.685],[0,0],[0.247,0.165],[5.423,3.21],[12.218,0],[0,-8.743],[0,0],[-19.635,12.649],[14.527,-0.002],[0,15.296],[0,0]],"o":[[0,0],[0,0],[0.22,-14.35],[15.659,0],[0,0],[0,0],[0,0],[2.509,1.179],[0,0],[0.663,0.321],[0,0],[13.971,7.384],[1.822,-0.049],[-0.437,9.276],[-3.312,0],[-11.258,-2.686],[0,0],[-0.247,-0.164],[-5.291,-3.532],[-11.385,-6.742],[-11.704,0],[0,0],[0.11,20.348],[-10.78,7.166],[-18.495,0],[0,0],[0,0]],"v":[[155.75,256.831],[155.751,256.831],[155.754,256.445],[187.764,229.868],[228.967,240.163],[229.63,240.474],[229.578,240.449],[229.57,240.442],[237.125,244.071],[238.394,244.687],[240.39,245.651],[241.728,246.293],[291.496,260.557],[294.562,263.68],[282.344,284.75],[273.214,283.326],[239.072,265.849],[237.594,264.865],[236.854,264.371],[220.805,253.777],[185.582,241.863],[164.14,256.909],[164.119,256.909],[226.001,272.997],[187.764,284.536],[155.75,256.831],[155.751,256.909]],"c":true},"ix":1},"o":{"a":0,"k":100,"ix":3},"x":{"a":0,"k":0,"ix":4},"nm":"蒙版 1"}],"w":450,"h":450,"ip":7,"op":72,"st":0,"bm":0},{"ddd":0,"ind":9,"ty":0,"nm":"预合成 11","refId":"comp_1","sr":1,"ks":{"o":{"a":0,"k":100,"ix":11},"r":{"a":0,"k":0,"ix":10},"p":{"a":0,"k":[102,83.5,0],"ix":2,"l":2},"a":{"a":0,"k":[225,225,0],"ix":1,"l":2},"s":{"a":0,"k":[136,136,100],"ix":6,"l":2}},"ao":0,"hasMask":true,"masksProperties":[{"inv":false,"mode":"a","pt":{"a":0,"k":{"i":[[7.665,-12.89],[0,0],[0,0],[0,0],[-1.806,7.123],[-0.251,1.436],[0,0],[0.007,-1.14]],"o":[[0,0],[0,0],[0,0],[2.855,-5.925],[0.629,-2.633],[0,0],[1.144,0],[-0.088,13.953]],"v":[[248.77,250.01],[229.977,240.989],[231.176,238.128],[231.922,236.598],[238.479,216.972],[240.324,208.537],[258.16,208.537],[260.22,210.607]],"c":true},"ix":1},"o":{"a":0,"k":100,"ix":3},"x":{"a":0,"k":0,"ix":4},"nm":"蒙版 1"},{"inv":false,"mode":"a","pt":{"a":0,"k":{"i":[[0,16.763],[-19.662,12.666],[-3.318,3.261],[5.197,3.054]],"o":[[0.001,20.406],[3.901,-2.597],[-1.153,-0.769],[-23.541,27.07]],"v":[[163.702,257.378],[225.596,273.34],[236.437,264.517],[221.175,254.262]],"c":true},"ix":1},"o":{"a":0,"k":100,"ix":3},"x":{"a":0,"k":0,"ix":4},"nm":"蒙版 2"}],"w":450,"h":450,"ip":0,"op":44,"st":0,"bm":0},{"ddd":0,"ind":14,"ty":2,"nm":"支-204x204.png","cl":"png","refId":"image_2","sr":1,"ks":{"o":{"a":0,"k":100,"ix":11},"r":{"a":0,"k":0,"ix":10},"p":{"a":0,"k":[102,83.5,0],"ix":2,"l":2},"a":{"a":0,"k":[102,83.5,0],"ix":1,"l":2},"s":{"a":0,"k":[100,100,100],"ix":6,"l":2}},"ao":0,"ip":0,"op":72,"st":0,"bm":0}],"markers":[]}