{"mp_grievance":{"en_US":"Grievance","zh_CN":"\u59d4\u5c48"},"mp_special_offer":{"zh_CN":"\u6d3b\u52a8\u4f18\u60e0"},"mp_the_operation_has_expired":{"zh_CN":"\u64cd\u4f5c\u5df2\u7ecf\u5931\u6548"},"mp_transaction_time_1":{"zh_CN":"\u4ea4\u6613\u65f6\u95f4"},"mp_business_card":{"en_US":"Cards","zh_CN":"\u540d\u7247"},"mp_ignore":{"en_US":"Ignore","zh_CN":"\u5ffd\u7565"},"mp_unsubscribe":{"zh_CN":"\u53d6\u6d88\u8ba2\u9605"},"mp_sorry_the_session_creation_failed":{"zh_CN":"\u62b1\u6b49,\u521b\u5efa\u4f1a\u8bdd\u5931\u8d25,\u8bf7\u7a0d\u540e\u518d\u8bd5"},"mp_failed_to_obtain_long_link":{"zh_CN":"\u83b7\u53d6\u957f\u94fe\u63a5\u6570\u636e\u83b7\u53d6\u5931\u8d25"},"mp_the_other_party_has_rejected":{"zh_CN":"\u5bf9\u65b9\u5df2\u62d2\u7edd\u8bed\u97f3\u901a\u8bdd"},"mp_save_successfully":{"en_US":"Saved","zh_CN":"\u4fdd\u5b58\u6210\u529f"},"mp_note_name":{"zh_CN":"\u5907\u6ce8\u540d"},"mp_new_message":{"en_US":"You have a new message!","zh_CN":"\u60a8\u6709\u4e00\u6761\u65b0\u6d88\u606f"},"mp_qr_code":{"zh_CN":"\u4e8c\u7ef4\u7801"},"mp_the_following_message_exceeds":{"zh_CN":"\u4ee5\u4e0b\u6d88\u606f\u8d85\u8fc7"},"mp_interactive_messages":{"zh_CN":"\u4e92\u52a8\u6d88\u606f"},"mp_unread_notification":{"en_US":" new messages","zh_CN":"\u6761\u672a\u8bfb\u901a\u77e5"},"mp_etc":{"zh_CN":"\u7b49"},"mp_call_1":{"en_US":"Call","zh_CN":"\u547c\u53eb"},"mp_avatar":{"zh_CN":"\u5934\u50cf"},"mp_go_shopping":{"en_US":"Take a look around","zh_CN":"\u53bb\u901b\u4e00\u901b\u5427\uff5e"},"mp_view_privacy_protection_terms":{"zh_CN":"\u67e5\u770b\u9690\u79c1\u4fdd\u62a4\u6761\u6b3e"},"mp_someone_you":{"zh_CN":"\u6709\u4eba@\u4f60"},"mp_sending_failed_please_try_again":{"zh_CN":"\u53d1\u9001\u5931\u8d25,\u8bf7\u91cd\u8bd5..."},"mp_expand_announcement":{"en_US":"Expand announcement","zh_CN":"\u5c55\u5f00\u516c\u544a"},"mp_make_a_fortune":{"en_US":"May you be wealthy.","zh_CN":"\u606d\u559c\u53d1\u8d22"},"mp_added":{"zh_CN":"\u5df2\u6dfb\u52a0"},"mp_the_following_content":{"zh_CN":"\u4ee5\u4e0b\u5185\u5bb9"},"mp_permission":{"zh_CN":"\u6743\u9650"},"mp_don_t_want_to_miss":{"zh_CN":"\u4e0d\u60f3\u9519\u8fc7"},"mp_set_rejection_successful":{"zh_CN":"\u8bbe\u7f6e\u62d2\u6536\u6210\u529f"},"mp_liked":{"en_US":"liked","zh_CN":"\u8d5e\u4e86"},"mp_prompt_sound_effect":{"zh_CN":"\u63d0\u793a\u97f3\u6548"},"mp_you_don_t_have_taobao_1":{"zh_CN":"\u4f60\u8fd8\u6ca1\u6709\u6dd8\u53cb\uff0c\u65e0\u6cd5\u53d1\u8d77\u7fa4\u804a"},"mp_multi_choice":{"zh_CN":"\u591a\u9009"},"mp_boss_1":{"en_US":"[Boss]","zh_CN":"[\u8001\u5927]"},"mp_animated_expression":{"en_US":"[Animated emojis]","zh_CN":"[\u52a8\u753b\u8868\u60c5]"},"mp_cancel_sending":{"en_US":"Cancel sending","zh_CN":"\u53d6\u6d88\u53d1\u9001"},"mp_add_ta_as_tao_you":{"zh_CN":"\u52a0TA\u4e3a\u6dd8\u53cb\uff0c\u4e0d\u4f1a\u6cc4\u6f0f\u4f60\u7684\u4efb\u4f55\u8d2d\u4e70\u8bb0\u5f55\u54e6\uff01"},"mp_brand_number":{"en_US":"Brand number","zh_CN":"\u54c1\u724c\u53f7"},"mp_you_recommended":{"en_US":"You recommended","zh_CN":"\u4f60\u63a8\u8350\u4e86"},"mp_loading_1":{"zh_CN":"\u6b63\u5728\u52a0\u8f7d\u2026"},"mp_the_service_is_about_to":{"zh_CN":"\u670d\u52a1\u5373\u5c06\u6062\u590d"},"mp_excited":{"zh_CN":"\u6fc0\u52a8"},"mp_save_to_album":{"zh_CN":"\u4fdd\u5b58\u5230\u76f8\u518c"},"mp_oh_i_didn_t_get":{"zh_CN":"\u54ce\u5440,\u6ca1\u62ff\u5230\u66f4\u591a\u4fe1\u606f\u54ce..."},"mp_album_resource_error":{"en_US":"Error when acquiring album resources","zh_CN":"\u83b7\u53d6\u76f8\u518c\u8d44\u6e90\u53d1\u751f\u5f02\u5e38"},"mp_data_exception_filtering_failed":{"zh_CN":"\u6570\u636e\u5f02\u5e38,\u8fc7\u6ee4\u5931\u8d25"},"mp_the_service_unexpectedly_failed_please":{"zh_CN":"\u670d\u52a1\u7adf\u7136\u51fa\u9519\u4e86\uff0c\u8bf7\u7a0d\u540e\u91cd\u8bd5"},"mp_microphone":{"zh_CN":"\u9ea6\u514b\u98ce"},"mp_chat_with_strangers":{"zh_CN":"\u964c\u751f\u4eba\u804a\u5929"},"mp_please_restore_first_1":{"zh_CN":"\u8bf7\u5148\u6062\u590d\u3002"},"mp_the_other_party_canceled_the":{"zh_CN":"\u5bf9\u65b9\u53d6\u6d88\u4e86\u89c6\u9891"},"mp_the_relatives_in_the_group":{"zh_CN":"\u7fa4\u91cc\u7684\u4eb2\u4eec\u6b63\u5728\u70ed\u804a("},"mp_totalquantity_items_in_total":{"en_US":"Total ${totalQuantity} items","zh_CN":"\u5171${totalQuantity}\u4ef6\u5546\u54c1"},"mp_locate_the_chat_location":{"en_US":"To the chatting location","zh_CN":"\u5b9a\u4f4d\u5230\u804a\u5929\u4f4d\u7f6e"},"mp_no_search_results":{"zh_CN":"\u65e0\u641c\u7d22\u7ed3\u679c"},"mp_keyword_filter":{"en_US":"Keyword filter","zh_CN":"\u5173\u952e\u5b57\u8fc7\u6ee4"},"mp_parsing_exception":{"zh_CN":"\u89e3\u6790\u5f02\u5e38"},"mp_iron_powder":{"zh_CN":"\u94c1\u7c89"},"mp_deleted":{"en_US":"Deleted","zh_CN":"\u5df2\u5220\u9664"},"mp_confused":{"en_US":"Confused","zh_CN":"\u8ff7\u60d1"},"mp_people_1":{"zh_CN":"\u4eba"},"mp_typing":{"en_US":"The other person is Typing","zh_CN":"\u5bf9\u65b9\u6b63\u5728\u8f93\u5165..."},"mp_anthomaniac":{"en_US":"infatuated","zh_CN":"\u82b1\u75f4"},"mp_order_signed":{"zh_CN":"\u8ba2\u5355\u5df2\u7b7e\u6536"},"mp_the_name_is_too_short":{"zh_CN":"\u540d\u79f0\u592a\u77ed\uff0c\u957f\u5ea6\u57282-16\u4e2a\u5b57\u7b26\u4ee5\u5185"},"mp_daily_store_activity_notification_and":{"zh_CN":"\u201c\u5e97\u94fa\u65e5\u5e38\u6d3b\u52a8\u901a\u77e5\u201d\u548c\u201c\u5e97\u94fa\u5927\u4fc3\u6d3b\u52a8\u901a\u77e5\u201d"},"mp_invite_you_for_voice_chat":{"zh_CN":"\u9080\u8bf7\u4f60\u8fdb\u884c\u8bed\u97f3\u804a\u5929"},"mp_selected":{"zh_CN":"\u5df2\u9009\u62e9:0\u4eba"},"mp_blacklist_interception":{"en_US":"Blocklist interception","zh_CN":"\u9ed1\u540d\u5355\u62e6\u622a"},"mp_do_you_want_to_resend":{"zh_CN":"\u60a8\u8981\u91cd\u65b0\u53d1\u9001\u8fd9\u6761\u6d88\u606f\u5417\uff1f"},"mp_you_have_been":{"zh_CN":"\u4f60\u5df2\u7ecf\u548c"},"mp_kiss_1":{"en_US":"Kisses","zh_CN":"\u4eb2\u4eb2"},"mp_copy_to_clipboard":{"en_US":"Copy to clipboard","zh_CN":"\u62f7\u8d1d\u5230\u526a\u8d34\u677f"},"mp_photograph":{"en_US":"Take photo","zh_CN":"\u62cd\u7167"},"mp_report_failed_please_try_again":{"zh_CN":"\u4e3e\u62a5\u5931\u8d25\uff0c\u8bf7\u7a0d\u540e\u518d\u8bd5"},"mp_retracted_a_message":{"en_US":"Withdrew a message","zh_CN":"\u64a4\u56de\u4e86\u4e00\u6761\u6d88\u606f"},"mp_sorry_due_to_privacy_protection":{"zh_CN":"\u62b1\u6b49\uff0c\u57fa\u4e8e\u4fdd\u62a4\u9690\u79c1\u7684\u539f\u56e0\uff0c\u60a8\u7684\u6dd8\u53cb\u6570\u4e0d\u8db35\u4eba\uff0c\u6682\u65f6\u65e0\u6cd5\u5f00\u542f\u3002\u8bf7\u60a8\u5148\u6dfb\u52a0\u6dd8\u53cb\uff0c\u8c22\u8c22\uff01"},"mp_money_fans":{"en_US":"Miser","zh_CN":"\u8d22\u8ff7"},"mp_add_to_emoticons":{"en_US":"Add to emojis","zh_CN":"\u6dfb\u52a0\u5230\u8868\u60c5"},"mp_mark_all_read":{"zh_CN":"\u5168\u90e8\u6807\u8bb0\u5df2\u8bfb"},"mp_subscribe":{"en_US":"Subscribe","zh_CN":"\u8ba2\u9605"},"mp_comment":{"en_US":"Comment","zh_CN":"\u8bc4\u8bba"},"mp_family_group":{"zh_CN":"\u4eb2\u60c5\u5bb6\u5ead\u7fa4"},"mp_logistics":{"en_US":"Orders","zh_CN":"\u7269\u6d41"},"mp_thumbs_up_1":{"en_US":"Likes","zh_CN":"\u8d5e\u8bc4"},"mp_currently_only_text_images_videos":{"zh_CN":"\u76ee\u524d\u4ec5\u652f\u6301\u8f6c\u53d1\u6587\u5b57\u3001\u56fe\u7247\u3001\u89c6\u9891\u548c\u5730\u7406\u4f4d\u7f6e"},"mp_automatic_expression_roaming":{"zh_CN":"\u8868\u60c5\u81ea\u52a8\u6f2b\u6e38"},"mp_failed_to_delete_the_message":{"zh_CN":"\u5220\u9664\u6d88\u606f\u5931\u8d25\u5566\uff01\u518d\u8bd5\u8bd5\u5427~"},"mp_view_original_image":{"en_US":"View original image","zh_CN":"\u67e5\u770b\u539f\u56fe"},"mp_forward":{"en_US":"Forward","zh_CN":"\u8f6c\u53d1"},"mp_non_image_and_video_messages":{"zh_CN":"\u975e\u56fe\u7247\u3001\u89c6\u9891\u6d88\u606f\u5c06\u4e0d\u88ab\u4fdd\u5b58"},"mp_delete_the_message":{"zh_CN":"\u662f\u5426\u5220\u9664\u8be5\u6761\u6d88\u606f"},"mp_all_user_sent":{"zh_CN":"\u5df2\u5173\u95ed\u8be5\u7c7b\u578b\u6d88\u606f\u63d0\u9192"},"mp_voice":{"en_US":"voice","zh_CN":"\u8bed\u97f3"},"mp_playback":{"en_US":"Playback","zh_CN":"\u56de\u653e"},"mp_not_connected_1":{"en_US":"not connected","zh_CN":"\u672a\u8fde\u63a5"},"mp_map_loading_failed":{"en_US":"Failed to load map","zh_CN":"\u5730\u56fe\u52a0\u8f7d\u5931\u8d25\uff01"},"mp_voice_chat":{"en_US":"[Voice chat]","zh_CN":"[\u8bed\u97f3\u804a\u5929]"},"mp_people_pay":{"en_US":"bought","zh_CN":"\u4eba\u4ed8\u6b3e"},"mp_clear_local_chat_records":{"zh_CN":"\u6e05\u7a7a\u672c\u5730\u804a\u5929\u8bb0\u5f55"},"mp_the_network_is_busy_please":{"zh_CN":"\u5f53\u524d\u7f51\u7edc\u7e41\u5fd9\u54e6\uff0c\u8bf7\u7a0d\u540e\u518d\u8bd5"},"mp_vibration_reminder":{"zh_CN":"\u632f\u52a8\u63d0\u9192"},"mp_stunned":{"en_US":"Stunned","zh_CN":"\u60ca\u6115"},"mp_grimace":{"en_US":"Grimace","zh_CN":"\u9b3c\u8138"},"mp_click_here_to_manage_more":{"zh_CN":"\u70b9\u6b64\u7ba1\u7406\u66f4\u591a\u6d88\u606f"},"mp_special_characters_cannot_be_used":{"zh_CN":"\u4e0d\u80fd\u4f7f\u7528\u7279\u6b8a\u5b57\u7b26\u54e6"},"mp_unexpectedly_it_was_crushed_please":{"zh_CN":"\u7adf\u7136\u88ab\u6324\u7206\u4e86\uff0c\u8bf7\u7a0d\u540e\u91cd\u8bd5"},"mp_intelligent_text_association":{"en_US":"Text Smart Suggest","zh_CN":"\u6587\u672c\u667a\u80fd\u8054\u60f3"},"mp_order_number":{"en_US":"Order no.:","zh_CN":"\u8ba2\u5355\u53f7:"},"mp_mine":{"zh_CN":"\u6211\u7684"},"mp_if_you_do_not_want":{"zh_CN":"\u82e5\u60a8\u4e0d\u60f3\u63a5\u6536TA\u7684\u6d88\u606f\u63a8\u9001\uff0c\u53ef\u70b9\u51fb"},"mp_after_closing_other_users_will":{"zh_CN":"\u5173\u95ed\u540e\uff0c\u5176\u4ed6\u7528\u6237\u5c06\u4e0d\u80fd\u901a\u8fc7\u4f1a\u5458\u540d\u641c\u7d22\u5230\u4f60"},"mp_mute":{"zh_CN":"\u9759\u97f3"},"mp_payment_required":{"zh_CN":"\u9700\u4ed8\u6b3e"},"mp_no_content":{"zh_CN":"\u6682\u65e0\u5185\u5bb9"},"mp_dear_the_user_information_is":{"zh_CN":"\u4eb2\uff0c\u7528\u6237\u4fe1\u606f\u4e3a\u7a7a\uff0c\u8bf7\u67e5\u770b\u5bfc\u8d2d\u7801\u662f\u5426\u6b63\u786e\u3002"},"mp_the_other_party_is_talking":{"en_US":"The other person is speaking","zh_CN":"\u5bf9\u65b9\u6b63\u5728\u8bf4\u8bdd\u2026"},"mp_video_call":{"en_US":"Video call","zh_CN":"\u89c6\u9891\u804a\u5929"},"mp_beauty":{"zh_CN":"\u7f8e\u989c"},"mp_unknown_link":{"en_US":"Unknown link. Please open it with caution!","zh_CN":"\u672a\u77e5\u94fe\u63a5\uff0c\u8bf7\u8c28\u614e\u6253\u5f00\uff01"},"mp_recall_desc":{"en_US":"You could withdraw a sent message within 2 minutes. Some old versions do not support the withdraw function","zh_CN":"\u4f60\u53ef\u4ee5\u64a4\u56de2\u5206\u949f\u5185\u53d1\u9001\u7684\u6d88\u606f\uff0c\u90e8\u5206\u65e7\u7248\u672c\u4e0d\u652f\u6301\u64a4\u56de\u529f\u80fd"},"mp_save":{"en_US":"Save","zh_CN":"\u4fdd\u5b58"},"mp_thinking_1":{"en_US":"Thinking","zh_CN":"\u601d\u8003"},"mp_system_authorization_is_required_when_2":{"zh_CN":"\u5f53\u60a8\u4f7f\u7528\u8bed\u97f3\u901a\u8bdd\u5c0f\u7a97\u65f6\u9700\u8981\u7cfb\u7edf\u6388\u6743\u6743\u9650"},"mp_system_authorization_is_required_when_3":{"zh_CN":"\u5f53\u60a8\u4f7f\u7528\u89c6\u9891\u901a\u8bdd\u5c0f\u7a97\u65f6\u9700\u8981\u7cfb\u7edf\u6388\u6743\u6743\u9650"},"mp_system_authorization_is_required_when_1":{"zh_CN":"\u5f53\u60a8\u63a5\u542c\u89c6\u9891\u901a\u8bdd\u65f6\u9700\u8981\u7cfb\u7edf\u6388\u6743\u6743\u9650"},"mp_hands_free_enabled":{"zh_CN":"\u5df2\u5f00\u542f\u514d\u63d0\u529f\u80fd"},"mp_aita_all":{"en_US":"@All","zh_CN":"@\u6240\u6709\u4eba"},"mp_you_can_enable_or_disable":{"zh_CN":"\u4f60\u53ef\u4ee5\u5728\u7fa4\u804a\u8bbe\u7f6e\u9875\u9762\u5f00\u542f\u6216\u5173\u95ed\u7fa4\u5e7f\u64ad\uff0c"},"mp_short_video":{"en_US":"Short video","zh_CN":"\u77ed\u89c6\u9891"},"mp_you_withdrew_a_message":{"en_US":"You withdrew a message","zh_CN":"\u4f60\u64a4\u56de\u4e86\u4e00\u6761\u6d88\u606f"},"mp_call_duration_1":{"zh_CN":"\u901a\u8bdd\u65f6\u957f"},"mp_buy_buy":{"zh_CN":"\u4e70\u4e70\u4e70"},"mp_team_emoticons":{"en_US":"team emoticons","zh_CN":"\u56e2\u961f\u8868\u60c5"},"mp_strangers":{"zh_CN":"\u964c\u751f\u4eba"},"mp_operation_succeeded":{"en_US":"Operation successful","zh_CN":"\u64cd\u4f5c\u6210\u529f"},"mp_edit_the_group_announcement_on":{"zh_CN":"\u8bf7\u5728\u7fa4\u7ba1\u7406\u9875\u4e2d\u7f16\u8f91\u7fa4\u516c\u544a"},"mp_intelligent_interception_settings":{"zh_CN":"\u667a\u80fd\u62e6\u622a\u8bbe\u7f6e"},"mp_do_you_think_you_need":{"zh_CN":"\u4f60\u89c9\u5f97\u9700\u8981\u4e70\u8fd9\u4ef6\u5546\u54c1\u5417\uff1f"},"mp_the_brand_number_sent_you":{"zh_CN":"\u54c1\u724c\u53f7\u7ed9\u4f60\u53d1\u4e86\u4e00\u5219\u6d88\u606f\uff0c\u590d\u5236\u672c\u6761\u6dd8\u53e3\u4ee4\uff0c\u6253\u5f00\u624b\u673a\u6dd8\u5b9d\u67e5\u770b\u54c1\u724c\u60ca\u559c\uff01"},"mp_clear":{"zh_CN":"\u6e05\u7a7a"},"mp_are_you_sure_you_want":{"zh_CN":"\u662f\u5426\u786e\u8ba4\u9000\u51fa\u7fa4\u804a\uff1f"},"mp_chop_hands":{"en_US":"Shopaholic","zh_CN":"\u5241\u624b"},"mp_initiate_group_chat":{"zh_CN":"\u53d1\u8d77\u7fa4\u804a"},"mp_failed_to_obtain_group_information":{"zh_CN":"\u83b7\u53d6\u7fa4\u4fe1\u606f\u5931\u8d25"},"mp_peach":{"zh_CN":"\u5c0f\u6843"},"mp_similar_items_from_store":{"en_US":"Similar items from store","zh_CN":"\u672c\u5e97\u5176\u4ed6\u5b9d\u8d1d"},"mp_bomb":{"en_US":"Bomb","zh_CN":"\u70b8\u5f39"},"mp_translation_failed":{"en_US":"Failed to load","zh_CN":"\u7ffb\u8bd1\u5931\u8d25"},"mp_scan_the_qr_code_with":{"zh_CN":"\u7528\u624b\u673a\u6dd8\u5b9d\u626b\u4e00\u626b\u4e8c\u7ef4\u7801\uff0c\u7acb\u523b\u4e86\u89e3\u66f4\u591a\uff01"},"mp_group_safety_penalties":{"en_US":"Corporate security penalties","zh_CN":"\u96c6\u56e2\u5b89\u5168\u5904\u7f5a"},"mp_red_envelope":{"en_US":"Red envelope","zh_CN":"\u7ea2\u5305"},"mp_unknown_error":{"zh_CN":"\u672a\u77e5\u9519\u8bef"},"mp_please_drink_tea":{"en_US":"Please have some tea","zh_CN":"\u8bf7\u559d\u8336"},"mp_paid_attention":{"zh_CN":"\u5df2\u5173\u6ce8"},"mp_order_inquiring":{"en_US":"The order you are enquiring","zh_CN":"\u4f60\u6b63\u5728\u54a8\u8be2\u7684\u8ba2\u5355"},"mp_welcome":{"zh_CN":"\u6b22\u8fce"},"mp_taobao_live":{"en_US":"Taobao livestream","zh_CN":"\u6dd8\u5b9d\u76f4\u64ad"},"mp_grin":{"en_US":"Grin","zh_CN":"\u9732\u9f7f\u7b11"},"mp_failed_to_give_a_like":{"zh_CN":"\u70b9\u8d5e\u5931\u8d25,\u8bf7\u7a0d\u540e\u518d\u8bd5"},"mp_failed_to_add_expression":{"zh_CN":"\u65b0\u589e\u8868\u60c5\u5931\u8d25"},"mp_everyone_1":{"zh_CN":"\u6240\u6709\u4eba"},"mp_emoticons_added":{"en_US":"emojis have been added before","zh_CN":"\u4e2a\u8868\u60c5\u4e4b\u524d\u5df2\u6dfb\u52a0"},"mp_network_exception":{"zh_CN":"\u5bf9\u65b9\u7f51\u7edc\u5f02\u5e38"},"mp_adding_as_tao_you":{"zh_CN":"\u6b63\u5728\u6dfb\u52a0\u4e3a\u6dd8\u53cb"},"mp_press_speak":{"en_US":"Press and hold to speak","zh_CN":"\u6309\u4f4f \u8bf4\u8bdd"},"mp_exceeds":{"en_US":"exceed ","zh_CN":"\u8d85\u8fc7"},"mp_don_t_worry_try_to_reload":{"zh_CN":"\u522b\u7740\u6025\uff0c\u8bd5\u8bd5\u770b\u91cd\u65b0\u52a0\u8f7d~"},"mp_intelligent_association":{"en_US":"Smart Suggest","zh_CN":"\u667a\u80fd\u8054\u60f3"},"mp_save_picture_to_album":{"en_US":"Save pictures to the album","zh_CN":"\u4fdd\u5b58\u56fe\u7247\u5230\u76f8\u518c"},"mp_you_have":{"en_US":"You have","zh_CN":"\u60a8\u6709"},"mp_folded_harassment_message_if_the":{"zh_CN":"\u5df2\u6298\u53e0\u9a9a\u6270\u6d88\u606f\uff0c\u82e5\u8bc6\u522b\u6709\u8bef\u53ef\u53cd\u9988\u5e76\u53d6\u6d88\u6298\u53e0"},"mp_brand":{"zh_CN":"\u54c1\u724c"},"mp_order_no":{"en_US":"Order no.","zh_CN":"\u8ba2\u5355\u53f7"},"mp_video_call_ended":{"zh_CN":"\u5df2\u7ed3\u675f\u89c6\u9891\u901a\u8bdd"},"mp_the_full_version_is_being":{"zh_CN":"\u5b8c\u6574\u7248\u88c5\u8f7d\u4e2d.."},"mp_when_you_take_a_photo":{"zh_CN":"\u5f53\u60a8\u62cd\u7167\u65f6\u9700\u8981\u7cfb\u7edf\u6388\u6743\u6444\u50cf\u5934\u6743\u9650"},"mp_the_other_party_is_selecting":{"zh_CN":"\u5bf9\u65b9\u6b63\u5728\u9009\u62e9\u7167\u7247..."},"mp_the_other_party_s_mobile":{"zh_CN":"\u5bf9\u65b9\u624b\u673a\u53ef\u80fd\u4e0d\u5728\u8eab\u8fb9\uff0c\u5efa\u8bae\u7a0d\u540e\u518d\u6b21\u5c1d\u8bd5"},"mp_save_failed":{"en_US":"Failed to save","zh_CN":"\u4fdd\u5b58\u5931\u8d25"},"mp_accounting":{"en_US":"Accounting","zh_CN":"\u7b97\u8d26"},"mp_system_unavailable":{"en_US":"The system is sneaking off. Please try again later","zh_CN":"\u7cfb\u7edf\u5f00\u5c0f\u5dee\u4e86~\u8bf7\u7a0d\u540e\u518d\u8bd5"},"mp_qr_code_expired":{"zh_CN":"\u4e8c\u7ef4\u7801\u5df2\u8fc7\u671f"},"mp_interest_group":{"zh_CN":"\u5174\u8da3\u7fa4"},"mp_group_number":{"zh_CN":"\u7fa4\u4eba\u6570\u00b7"},"mp_everyone":{"zh_CN":"\u6240\u6709\u4eba("},"mp_add":{"zh_CN":"\u6dfb\u52a0"},"mp_failed_to_obtain_video_resources":{"zh_CN":"\u83b7\u53d6\u89c6\u9891\u8d44\u6e90\u5931\u8d25"},"mp_send_original_voice":{"en_US":"Send original voice","zh_CN":"\u53d1\u9001\u539f\u8bed\u97f3"},"mp_open":{"en_US":"Open","zh_CN":"\u6253\u5f00"},"mp_total_2":{"zh_CN":": \u5408\u8ba1"},"mp_lucky_cat":{"en_US":"Lucky cat","zh_CN":"\u62db\u8d22\u732b"},"mp_ordinary_group":{"zh_CN":"\u666e\u901a\u7fa4\u00b7"},"mp_weeping":{"en_US":"Weeping","zh_CN":"\u60b2\u6ce3"},"mp_new_message_arrival":{"zh_CN":"\u65b0\u6d88\u606f\u5230\u8fbe"},"mp_total_1":{"zh_CN":"\u5171"},"mp_reject":{"zh_CN":"\u62d2\u7edd"},"mp_go_to_settings":{"zh_CN":"\u53bb\u8bbe\u7f6e"},"mp_share_store":{"en_US":"share store","zh_CN":"\u5206\u4eab\u5e97\u94fa"},"mp_notice_of_daily_store_activities":{"zh_CN":"\u5e97\u94fa\u65e5\u5e38\u6d3b\u52a8\u901a\u77e5"},"mp_select_a_group":{"zh_CN":"\u9009\u62e9\u4e00\u4e2a\u7fa4"},"mp_eat":{"zh_CN":"\u5403\u996d"},"mp_select_up_to_contacts":{"zh_CN":"\u6700\u591a\u9009\u62e99\u4e2a\u8054\u7cfb\u4eba"},"mp_trying_to_load_please_wait":{"zh_CN":"\u52aa\u529b\u52a0\u8f7d\u4e2d\uff0c\u8bf7\u7a0d\u540e"},"mp_empty_chat_desc":{"en_US":"No chat history. Browse the homepage","zh_CN":"\u6682\u65e0\u804a\u5929\u8bb0\u5f55\uff0c\u53bb\u9996\u9875\u901b\u901b\u5427"},"mp_fans":{"zh_CN":"\u7c89\u4e1d"},"mp_other":{"en_US":"Others","zh_CN":"\u5176\u4ed6"},"mp_no":{"zh_CN":"\u4e0d\u884c"},"mp_the_other_party_is_entering":{"en_US":"The other person is Typing","zh_CN":"\u5bf9\u65b9\u6b63\u5728\u8f93\u5165\u2026"},"mp_do_you_want_this_product":{"zh_CN":"\u4f60\u60f3\u8981\u8fd9\u4e2a\u5546\u54c1\u5417\uff1f"},"mp_edit":{"zh_CN":"\u7f16\u8f91"},"mp_a_tao_friend":{"zh_CN":"\u4e2a\u6dd8\u53cb"},"mp_shake_lucky_bag_assisted_reminder":{"zh_CN":"\u6447\u798f\u888b\u88ab\u52a9\u529b\u63d0\u9192\u6d88\u606f"},"mp_contains_messages_that_cannot_be":{"zh_CN":"\u5305\u542b\u65e0\u6cd5\u8f6c\u53d1\u7684\u6d88\u606f"},"mp_click_open_auto_translate":{"en_US":"You can click it to turn on translation","zh_CN":"\u70b9\u6b64\u5f00\u542f\u81ea\u52a8\u7ffb\u8bd1"},"mp_store_service_messages":{"zh_CN":"\u5e97\u94fa\u670d\u52a1\u6d88\u606f"},"mp_love_1":{"en_US":"Love","zh_CN":"\u7231\u6155"},"mp_find_me_by_mobile_number":{"zh_CN":"\u901a\u8fc7\u624b\u673a\u53f7\u7801\u627e\u5230\u6211"},"mp_shake_lucky_bag_invite_friends":{"zh_CN":"\u6447\u798f\u888b\u9080\u597d\u53cb\u52a9\u529b\u6d88\u606f"},"mp_yuan":{"zh_CN":"\u5143"},"mp_you_have_no_taobao_friends":{"zh_CN":"\u60a8\u8fd8\u6ca1\u6709\u6dd8\u53cb"},"mp_microphone_enabled":{"zh_CN":"\u5df2\u5f00\u542f\u9ea6\u514b\u98ce"},"mp_wechat_is_not_installed_sharing":{"zh_CN":"\u5fae\u4fe1\u672a\u5b89\u88c5,\u5206\u4eab\u5931\u8d25"},"mp_save_to_mobile_phone":{"zh_CN":"\u4fdd\u5b58\u5230\u624b\u673a"},"mp_return_button":{"zh_CN":"\u8fd4\u56de\uff0c\u6309\u94ae"},"mp_add_emoticons_favorites_failed":{"en_US":"Failed to add emojis to favorites","zh_CN":"\u8868\u60c5\u6dfb\u52a0\u6536\u85cf\u5931\u8d25"},"mp_submitting_please_wait_patiently":{"zh_CN":"\u6b63\u5728\u63d0\u4ea4\u54e6\uff0c\u8bf7\u8010\u5fc3\u7b49\u5f85\u4e00\u4e0b\u5427~"},"mp_no_matter_how_lonely_a":{"zh_CN":"\u518d\u5b64\u72ec\u7684\u5c0f\u5b69\uff0c\u4e5f\u4e0d\u4f1a\u6ca1\u6709\u670b\u53cb~"},"mp_confirm":{"en_US":"Confirm","zh_CN":"\u786e\u8ba4"},"mp_the_video_size_cannot_exceed":{"zh_CN":"\u89c6\u9891\u5927\u5c0f\u4e0d\u80fd\u8d85\u8fc7"},"mp_cleaning_up_the_session_please":{"en_US":"Cleaning up the session, please wait...","zh_CN":"\u6b63\u5728\u6e05\u7406\u4f1a\u8bdd\uff0c\u8bf7\u7a0d\u7b49..."},"mp_certified_nursing_care_trainer":{"zh_CN":"\u6301\u8bc1\u80b2\u5a74\u5e08"},"mp_back":{"en_US":"Unlucky","zh_CN":"\u80cc"},"mp_reminder":{"en_US":"Notices","zh_CN":"\u63d0\u9192"},"mp_orders":{"en_US":"Orders","zh_CN":"\u8ba2\u5355"},"mp_including_messages_such_as_consultation":{"zh_CN":"\u5305\u62ec\u54a8\u8be2\u672a\u4e0b\u5355\u63d0\u9192\uff0c\u4e0b\u5355\u672a\u4ed8\u6b3e\u63d0\u9192\uff0c\u4e0b\u5355\u5546\u54c1\u5173\u8054\u63a8\u8350\u7b49\u6d88\u606f"},"mp_emoticons_movement_failed":{"en_US":"Failed to move emojis","zh_CN":"\u8868\u60c5\u79fb\u52a8\u5931\u8d25"},"mp_sweat":{"en_US":"Sweat","zh_CN":"\u6d41\u6c57"},"mp_including_notifications_such_as_big":{"zh_CN":"\u5305\u62ec\u7531\u4e13\u5c5e\u5ba2\u670d\u63d0\u4f9b\u7684\u5927\u4fc3\u4f18\u60e0\u6d3b\u52a8\u7b49\u901a\u77e5"},"mp_mobile_cats_do_not_support":{"zh_CN":"\u624b\u732b\u6682\u65f6\u4e0d\u652f\u6301\u7fa4"},"mp_minutes_ago":{"en_US":"minutes ago","zh_CN":"\u5206\u949f\u524d"},"mp_goodbye":{"en_US":"Goodbye","zh_CN":"\u518d\u89c1"},"mp_custom_emoticons":{"en_US":"Custom emojis","zh_CN":"\u81ea\u5b9a\u4e49\u8868\u60c5"},"mp_operation_failed":{"en_US":"Failed. Please try again later","zh_CN":"\u64cd\u4f5c\u5931\u8d25\uff0c\u8bf7\u7a0d\u540e\u91cd\u8bd5"},"mp_the_current_version_is_not":{"zh_CN":"\u5f53\u524d\u7248\u672c\u4e0d\u652f\u6301\uff0c\u5efa\u8bae\u5347\u7ea7\u6700\u65b0\u7248\u672c"},"mp_Thursday":{"en_US":"Thursday","zh_CN":"\u661f\u671f\u56db"},"mp_please_choose_tao_you":{"zh_CN":"\u8bf7\u9009\u62e9\u6dd8\u53cb"},"mp_facial_expression_management":{"zh_CN":"\u8868\u60c5\u7ba1\u7406"},"mp_someone_me":{"zh_CN":"\u6709\u4eba@\u6211"},"mp_failed_to_locate":{"en_US":"failed to locate,","zh_CN":"\u5b9a\u4f4d\u5931\u8d25,"},"mp_decompression_failed":{"en_US":"Failed to decompress","zh_CN":"\u89e3\u538b\u5931\u8d25"},"mp_Tuesday":{"en_US":"Tuesday","zh_CN":"\u661f\u671f\u4e8c"},"mp_extension":{"zh_CN":"\u6269\u5c55"},"mp_chat_history":{"en_US":"'s chat history","zh_CN":"\u7684\u804a\u5929\u8bb0\u5f55"},"mp_find":{"en_US":"Search","zh_CN":"\u67e5\u627e"},"mp_top":{"zh_CN":"\u7f6e\u9876"},"mp_store_service_notification":{"zh_CN":"\u5e97\u94fa\u670d\u52a1\u901a\u77e5"},"mp_business_card_to_current_chat":{"zh_CN":"\u7684\u540d\u7247\u5230\u5f53\u524d\u804a\u5929"},"mp_after_closing_taobao_mobile_phone":{"zh_CN":"\u5173\u95ed\u540e\uff0c\u624b\u673a\u6dd8\u5b9d\u8fd0\u884c\u65f6\u6536\u5230\u7684\u6dd8\u53cb\u3001\u5e97\u94fa\u53ca\u670d\u52a1\u53f7\u6d88\u606f\uff0c\u5c06\u4e0d\u518d\u4ee5\u6a2a\u5e45\u6837\u5f0f\u63d0\u9192"},"mp_long_press_to_preview":{"en_US":"Long press to preview","zh_CN":"\u957f\u6309\u53ef\u9884\u89c8"},"mp_view_orders":{"en_US":"View orders","zh_CN":"\u67e5\u770b\u8ba2\u5355"},"mp_select_at_most":{"zh_CN":"\u6700\u591a\u9009\u62e9"},"mp_more":{"zh_CN":"\u66f4\u591a"},"mp_eifini_spring_new_korean_style":{"zh_CN":"\u4f0a\u8299\u4e3d\u6625\u88c5\u65b0\u6b3e\u97e9\u7248\u5bbd"},"mp_two_weeks":{"en_US":"Two weeks ","zh_CN":"\u4e24\u5468"},"mp_angel":{"en_US":"Angel","zh_CN":"\u5929\u4f7f"},"mp_actual_payment":{"zh_CN":"\u5b9e\u4ed8\u6b3e"},"mp_cnnotify_red_envelope_messages":{"zh_CN":"cnnotify\u7ea2\u5305\u6d88\u606f"},"mp_service":{"zh_CN":"\u670d\u52a1"},"mp_location_information":{"zh_CN":"\u4f4d\u7f6e\u4fe1\u606f"},"mp_emoticons_mall":{"en_US":"Emoji store","zh_CN":"\u8868\u60c5\u5546\u57ce"},"mp_please_try_again":{"en_US":"Please try again","zh_CN":"\u8bf7\u91cd\u65b0\u5c1d\u8bd5\uff5e"},"mp_answer":{"zh_CN":"\u63a5\u542c"},"mp_other_1":{"en_US":"[Other]","zh_CN":"[\u5176\u4ed6]"},"mp_super_pink":{"zh_CN":"\u8d85\u7ea7\u7c89"},"mp_system_authorization_is_required_to":{"zh_CN":"\u63a5\u542c\u89c6\u9891\u901a\u8bdd\u9700\u8981\u7cfb\u7edf\u6388\u6743\u6743\u9650"},"mp_not_easy":{"en_US":"Difficult","zh_CN":"\u4e0d\u5bb9\u6613"},"mp_emoticons_deletion_failed":{"en_US":"Failed to delete emojis","zh_CN":"\u8868\u60c5\u5220\u9664\u5931\u8d25"},"mp_the_server_is_napping_please":{"zh_CN":"\u670d\u52a1\u5668\u5728\u6253\u76f9\uff0c\u8bf7\u7a0d\u540e\u518d\u8bd5\u8bd5\u5427\uff01"},"mp_it_s_too_difficult":{"en_US":"Too difficult","zh_CN":"\u592a\u96be\u4e86"},"mp_check_setting_mail":{"en_US":"Please check [Settings -> Mail] to see if there is an available email account","zh_CN":"\u8bf7\u68c0\u67e5\u3010\u8bbe\u7f6e->\u90ae\u4ef6\u3011\u4e2d\u662f\u5426\u6709\u53ef\u7528\u90ae\u7bb1"},"mp_send_goods":{"en_US":"Send","zh_CN":"\u53d1\u9001\u5546\u54c1"},"mp_shop":{"en_US":"Store","zh_CN":"\u5e97\u94fa"},"mp_emoticons_collection":{"en_US":"Emoji favorites","zh_CN":"\u8868\u60c5\u6536\u85cf"},"mp_invite_you":{"en_US":"Invite you to ","zh_CN":"\u9080\u8bf7\u4f60\u8fdb\u884c"},"mp_select_multiple_chats":{"zh_CN":"\u9009\u62e9\u591a\u4e2a\u804a\u5929"},"mp_order_shipped":{"zh_CN":"\u8ba2\u5355\u5df2\u53d1\u8d27"},"mp_image_selection_failed":{"zh_CN":"\u56fe\u7247\u9009\u62e9\u5931\u8d25"},"mp_try_opening_the_address_book":{"zh_CN":"\u8bd5\u8bd5\u6253\u5f00\u624b\u673a\u6dd8\u5b9d\u7684\u901a\u8baf\u5f55\u8bbf\u95ee\u6743\u9650"},"mp_boss":{"en_US":"BOSS","zh_CN":"\u8001\u5927"},"mp_the_name_is_too_long":{"zh_CN":"\u540d\u79f0\u592a\u957f\uff0c\u957f\u5ea6\u57282-16\u4e2a\u5b57\u7b26\u4ee5\u5185"},"mp_failed_to_set_please_try":{"zh_CN":"\u8bbe\u7f6e\u5931\u8d25,\u8bf7\u7a0d\u540e\u91cd\u8bd5"},"mp_allow_aliwangwang_to_use_input":{"zh_CN":"\u5141\u8bb8\u963f\u91cc\u65fa\u65fa\u4f7f\u7528\u8f93\u5165\u4fe1\u606f\u4ee5\u4f18\u5316\u4f53\u9a8c"},"mp_system_authorization_is_required_when":{"zh_CN":"\u5f53\u60a8\u4f7f\u7528\u89c6\u9891\u901a\u8bdd\u65f6\u9700\u8981\u7cfb\u7edf\u6388\u6743\u6743\u9650"},"mp_shut_up":{"en_US":"Shut up","zh_CN":"\u95ed\u5634"},"mp_turn_off_smart_folding":{"zh_CN":"\u5173\u95ed\u667a\u80fd\u6298\u53e0"},"mp_report":{"en_US":"Report","zh_CN":"\u4e3e\u62a5"},"mp_love":{"en_US":"Love heart","zh_CN":"\u7231\u5fc3"},"mp_disable_extension":{"zh_CN":"\u5173\u95ed\u6269\u5c55"},"mp_session_management":{"en_US":"Session Management","zh_CN":"\u4f1a\u8bdd\u7ba1\u7406"},"mp_frown":{"en_US":"Frown","zh_CN":"\u76b1\u7709"},"mp_become_a_friend_of_tao":{"zh_CN":"\u6210\u4e3a\u4e86\u6dd8\u53cb"},"mp_please_try_again_later":{"en_US":"Please try again later","zh_CN":"\u8bf7\u7a0d\u540e\u91cd\u8bd5"},"mp_order_for_which_you_want":{"en_US":"The order you wish to change the address","zh_CN":"\u60a8\u5e0c\u671b\u4fee\u6539\u5730\u5740\u7684\u8ba2\u5355"},"mp_call_ended":{"en_US":"Call ended","zh_CN":"\u901a\u8bdd\u7ed3\u675f"},"mp_group_chat_member_update_failed":{"zh_CN":"\u7fa4\u804a\u6210\u5458\u66f4\u65b0\u5931\u8d25,\u8bf7\u7a0d\u540e\u518d\u8bd5!"},"mp_come_on":{"en_US":"Come on","zh_CN":"\u52a0\u6cb9"},"mp_do_you_want_to_remove":{"zh_CN":"\u662f\u5426\u5c06\u53f7\u79fb\u51fa\u53f7\u52a9\u624b"},"mp_dear_an_error_occurred_while":{"zh_CN":"\u4eb2,\u6d88\u606f\u53f7\u83b7\u53d6\u8d26\u53f7\u4fe1\u606f\u5f02\u5e38"},"mp_send_empty_message":{"en_US":"Can not send empty message","zh_CN":"\u4e0d\u80fd\u53d1\u9001\u7a7a\u767d\u6d88\u606f\u54e6"},"mp_when_mobile_taobao_starts_the":{"zh_CN":"\u624b\u6dd8\u542f\u52a8\u65f6\u9700\u8981\u7cfb\u7edf\u6388\u6743\u8bfb\u53d6\u901a\u8baf\u5f55\u6743\u9650"},"mp_failed_to_open_the_chat":{"zh_CN":"\u804a\u5929\u754c\u9762\u6253\u5f00\u5931\u8d25"},"mp_emoticons_settings":{"en_US":"Emoji settings","zh_CN":"\u8868\u60c5\u8bbe\u7f6e"},"mp_voice_chat_message":{"en_US":"[Voice chat message]","zh_CN":"[\u8bed\u97f3\u804a\u5929\u6d88\u606f]"},"mp_video_large":{"en_US":"The video is too large ","zh_CN":"\u89c6\u9891\u592a\u5927"},"mp_my_subscription":{"zh_CN":"\u6211\u7684\u8ba2\u9605"},"mp_please_restore_first":{"zh_CN":"\uff0c\u8bf7\u5148\u6062\u590d\u3002"},"mp_lord":{"en_US":"Lord","zh_CN":"\u7fa4\u4e3b"},"mp_transaction_time":{"en_US":"Create on:","zh_CN":"\u4ea4\u6613\u65f6\u95f4:"},"mp_the_name_is_too_long_1":{"zh_CN":"\u540d\u5b57\u592a\u957f\u4e86,\u4e0d\u80fd\u518d\u957f\u4e86\u54e6"},"mp_taobao_paradise":{"zh_CN":"\u6dd8\u5b9d\u4e50\u56ed"},"mp_call_directly":{"en_US":"Call","zh_CN":"\u76f4\u63a5\u62e8\u6253"},"mp_get_taoyou":{"zh_CN":"\u83b7\u53d6\u6dd8\u53cb"},"mp_settings":{"en_US":"Settings","zh_CN":"\u8bbe\u7f6e"},"mp_message":{"en_US":"Messages","zh_CN":"\u6d88\u606f"},"mp_go_to_settings_1":{"zh_CN":"\u524d\u5f80\u8bbe\u7f6e"},"mp_translate":{"en_US":"Translate","zh_CN":"\u7ffb\u8bd1"},"mp_my_exclusive_service":{"zh_CN":"\u6211\u7684\u4e13\u4eab\u670d\u52a1"},"mp_download_timeout":{"zh_CN":"\u4e0b\u8f7d\u8d85\u65f6"},"mp_confirm_to_reject_the_call":{"zh_CN":"\u662f\u5426\u786e\u8ba4\u62d2\u7edd\u901a\u8bdd"},"mp_the_group_i_manage":{"zh_CN":"\u6211\u7ba1\u7406\u7684\u7fa4"},"mp_dynamic_expression":{"zh_CN":"\u52a8\u6001\u8868\u60c5"},"mp_store_member_activity_reminder":{"zh_CN":"\u5e97\u94fa\u4f1a\u5458\u6d3b\u52a8\u63d0\u9192"},"mp_members":{"zh_CN":"\u4e2a\u6210\u5458"},"mp_you_liked_yourself":{"en_US":"You liked yourself ","zh_CN":"\u4f60\u8d5e\u4e86\u81ea\u5df1\u7684"},"mp_done":{"en_US":"Completed","zh_CN":"\u5b8c\u6210"},"mp_aircraft":{"en_US":"Airplane","zh_CN":"\u98de\u673a"},"mp_answer_timeout":{"zh_CN":"\u63a5\u542c\u8d85\u65f6"},"mp_there_is_not_even_a":{"zh_CN":"\u7adf\u7136\u4e00\u4e2a\u7fa4\u90fd\u6ca1\u6709"},"mp_product":{"en_US":"[Product]","zh_CN":"[\u5b9d\u8d1d]"},"mp_store_1":{"zh_CN":"\u95e8\u5e97"},"mp_comments_and":{"en_US":"Cmts","zh_CN":"\u8bc4\u8bba\u548c@"},"mp_complete_chat":{"zh_CN":"\u5b8c\u6574\u804a\u5929"},"mp_the_message_type_is_not":{"zh_CN":"\u5f53\u524d\u7248\u672c\u6682\u4e0d\u652f\u6301\u8be5\u6d88\u606f\u7c7b\u578b"},"mp_turn_off_the_camera":{"zh_CN":"\u5173\u95ed\u6444\u50cf\u5934"},"mp_you_have_prohibited_granting_applications":{"zh_CN":"\u4f60\u5df2\u7981\u6b62\u6388\u4e88\u5e94\u7528"},"mp_notification":{"en_US":"Notifications","zh_CN":"\u901a\u77e5"},"mp_delete_collapsed_message":{"en_US":"Delete all collapesed messages?","zh_CN":"\u662f\u5426\u4e00\u952e\u5220\u9664\u5168\u90e8\u6298\u53e0\u7684\u6d88\u606f\uff1f"},"mp_select_all":{"en_US":"Select All","zh_CN":"\u5168\u9009"},"mp_cry_bitterly":{"en_US":"Cry bitterly","zh_CN":"\u75db\u54ed"},"mp_click_this_authorization_to_use":{"zh_CN":"\u70b9\u6b64\u6388\u6743\u53ef\u4ee5\u4f7f\u7528\u5c0f\u6843\u5168\u90e8\u529f\u80fd"},"mp_privacy_protection_clause":{"zh_CN":"\u9690\u79c1\u4fdd\u62a4\u6761\u6b3e"},"mp_pictures_might_use":{"en_US":"Pictures you may use:","zh_CN":"\u4f60\u53ef\u80fd\u8981\u4f7f\u7528\u7684\u56fe\u7247\uff1a"},"mp_family_affection":{"zh_CN":"\u4eb2\u60c5"},"mp_read":{"en_US":"Read","zh_CN":"\u5df2\u8bfb"},"mp_downgrade_to_the_bottom_of":{"zh_CN":"\u964d\u7ea7\u5230\u6295\u653e\u515c\u5e95\u914d\u7f6e"},"mp_default_good_skutext":{"zh_CN":"\u8bf7\u9009\u62e9\u5546\u54c1\u89c4\u683c"},"mp_microphone_turned_off":{"zh_CN":"\u5df2\u5173\u95ed\u9ea6\u514b\u98ce"},"mp_i_didn_t_match_my":{"zh_CN":"\u7adf\u7136\u6ca1\u6709\u5339\u914d\u5230\u670b\u53cb"},"mp_click_here_to_manage_more_refused":{"zh_CN":"\u70b9\u6b64\u7ba1\u7406\u66f4\u591a\u62d2\u6536\u6d88\u606f"},"mp_loading_completed":{"zh_CN":"\u52a0\u8f7d\u5b8c\u6210"},"mp_the_map_module_is_still":{"zh_CN":"\u5730\u56fe\u6a21\u5757\u4ecd\u5728\u52a0\u8f7d\u4e2d..."},"mp_Monday":{"en_US":"Monday","zh_CN":"\u661f\u671f\u4e00"},"mp_selected_1":{"en_US":"selected","zh_CN":"\u5df2\u9009\u62e9:"},"mp_i_like_you":{"zh_CN":"\u8d5e\u4e86\u4f60"},"mp_smile":{"en_US":"Smile","zh_CN":"\u5fae\u7b11"},"mp_s_withdrew_a_message":{"en_US":"%1$s Withdrew a message","zh_CN":"%1$s \u64a4\u56de\u4e86\u4e00\u6761\u6d88\u606f"},"mp_withdrew_a_message_suffix":{"en_US":" withdrew a message","zh_CN":"\u64a4\u56de\u4e86\u4e00\u6761\u6d88\u606f"},"mp_cancel_sending_1":{"zh_CN":"\u53d6\u6d88 \u53d1\u9001"},"mp_set_received_successfully":{"zh_CN":"\u8bbe\u7f6e\u63a5\u6536\u6210\u529f"},"mp_join_group_ask":{"en_US":"Join the group and ask everyone","zh_CN":"\u8fdb\u7fa4\u95ee\u5927\u5bb6"},"mp_can_directly_send_the_product":{"zh_CN":"\u53ef\u4ee5\u76f4\u63a5\u7ed9\u5e97\u5bb6\u53d1\u5b9d\u8d1d"},"mp_the_service_unexpectedly_went_wrong":{"zh_CN":"\u670d\u52a1\u7adf\u7136\u51fa\u9519\u4e86"},"mp_when_you_record_you_need":{"zh_CN":"\u5f53\u60a8\u5f55\u97f3\u65f6\u9700\u8981\u7cfb\u7edf\u6388\u6743\u5f55\u97f3\u6743\u9650"},"mp_Saturday":{"en_US":"Saturday","zh_CN":"\u661f\u671f\u516d"},"mp_red_lips":{"en_US":"Red lips","zh_CN":"\u7ea2\u5507"},"mp_hug":{"en_US":"Hug","zh_CN":"\u62b1\u62b1"},"mp_not_accepted":{"en_US":"Not accepted ","zh_CN":"\u672a\u63a5\u53d7"},"mp_add_your_taobao_friends_and":{"zh_CN":"\u6dfb\u52a0\u4f60\u7684\u6dd8\u53cb\uff0c\u548c\u4ed6\u4eec\u4e00\u8d77\u8fb9\u804a\u8fb9\u901b\u6dd8\u5b9d\u5427\uff01"},"mp_loading_please_wait":{"en_US":"Loading... Please wait","zh_CN":"\u52a0\u8f7d\u4e2d\uff0c\u8bf7\u7a0d\u540e..."},"mp_copied_successfully":{"en_US":"Copy successfully","zh_CN":"\u590d\u5236\u6210\u529f"},"mp_get_location_timeout":{"en_US":"Time out for acquiring location info","zh_CN":"\u83b7\u53d6\u5730\u7406\u4f4d\u7f6e\u4fe1\u606f\u8d85\u65f6\uff01"},"mp_contact_customer_service":{"en_US":"Tap here to contact customer service","zh_CN":"\u70b9\u6b64\u8054\u7cfb\u4eba\u5de5\u5ba2\u670d"},"mp_gift":{"zh_CN":"\u793c\u7269"},"mp_copy_s":{"en_US":"Copy %1$s","zh_CN":"\u590d\u5236 %1$s"},"mp_scan_the_qr_code_on":{"zh_CN":"\u7528\u624b\u673a\u6dd8\u5b9d\u626b\u4e00\u626b\u4e8c\u7ef4\u7801\uff0c\u52a0\u6211\u4e3a\u597d\u53cb"},"mp_enjoy":{"en_US":"Enjoy","zh_CN":"\u4eab\u53d7"},"mp_and":{"en_US":" and ","zh_CN":"\u5e76\u4e14"},"mp_send_order":{"en_US":"Send","zh_CN":"\u53d1\u9001\u8ba2\u5355"},"mp_yesterday":{"en_US":"Yesterday","zh_CN":"\u6628\u5929"},"mp_display_time":{"zh_CN":"\u663e\u793a\u65f6\u95f4"},"mp_long_press_to_move":{"en_US":"Long press to move","zh_CN":"\u957f\u6309\u53ef\u79fb\u52a8"},"mp_your_chat_account_is_logged":{"en_US":"Your chat account has been logged in on another device; you need to log in again.","zh_CN":"\u60a8\u7684\u804a\u5929\u8d26\u53f7\u5728\u5176\u4ed6\u8bbe\u5907\u767b\u5f55\uff0c\u9700\u91cd\u65b0\u767b\u5f55\uff0c\u8bf7\u6ce8\u610f\u8d26\u53f7\u5b89\u5168"},"mp_video":{"en_US":"[Video]","zh_CN":"[\u89c6\u9891]"},"mp_folding_time":{"zh_CN":"\u6536\u8d77\u65f6\u95f4"},"mp_try_loading_the_card_please":{"zh_CN":"\u5c1d\u8bd5\u52a0\u8f7d\u5361\u7247\uff0c\u8bf7\u7a0d\u540e\u67e5\u770b\u3002"},"mp_please_note_the_permission_to":{"zh_CN":"\u8bf7\u5728\u8bbe\u7f6e\u5e94\u7528\u4e2d\u6ce8\u610f\u5f00\u542f\u672c\u5e94\u7528\u7684\u663e\u793a\u60ac\u6d6e\u7a97\u6743\u9650"},"mp_in_voice_chat_tap_to":{"zh_CN":"\u8bed\u97f3\u804a\u5929\u4e2d\uff0c\u8f7b\u51fb\u4ee5\u7ee7\u7eed"},"mp_not_bad":{"zh_CN":"\u8fd8\u5dee"},"mp_message_type_not_supported":{"zh_CN":"\u6d88\u606f\u7c7b\u578b\u4e0d\u652f\u6301"},"mp_associate_expression_when_input":{"zh_CN":"\u8f93\u5165\u65f6\u8054\u60f3\u8868\u60c5"},"mp_images_you_may_want_to":{"zh_CN":"\u60a8\u53ef\u80fd\u8981\u4f7f\u7528\u7684\u56fe\u7247:"},"mp_round_table":{"zh_CN":"\u53bb\u5706\u684c"},"mp_sessions_are_you_sure_you":{"en_US":"sessions, Are you sure you want to delete?","zh_CN":"\u4e2a\u4f1a\u8bdd\uff0c\u786e\u5b9a\u8981\u5220\u9664\u5417\uff1f"},"mp_waiting_for_the_other_party":{"zh_CN":"\u6b63\u5728\u7b49\u5f85\u5bf9\u65b9\u63a5\u53d7\u9080\u8bf7..."},"mp_close_drawer_menu":{"zh_CN":"\u5173\u95ed\u62bd\u5c49\u83dc\u5355"},"mp_Sunday":{"en_US":"Sunday","zh_CN":"\u661f\u671f\u65e5"},"mp_remove":{"zh_CN":"\u79fb\u9664"},"mp_currently_in_mobile_traffic_whether":{"zh_CN":"\u5f53\u524d\u5904\u4e8e\u79fb\u52a8\u6d41\u91cf\u4e2d\uff0c\u662f\u5426\u7ee7\u7eed"},"mp_release_send":{"en_US":"Release to send","zh_CN":"\u677e\u5f00\u53d1\u9001"},"mp_download_successfully":{"en_US":"Downloaded","zh_CN":"\u4e0b\u8f7d\u6210\u529f"},"mp_people":{"zh_CN":"\u4eba)"},"mp_failed_to_obtain_short_link":{"zh_CN":"\u83b7\u53d6\u77ed\u94fe\u63a5\u6570\u636e\u83b7\u53d6\u5931\u8d25"},"mp_editable_only_by_group_owners":{"zh_CN":"\u4ec5\u7fa4\u4e3b\u548c\u8d85\u7ea7\u7ba1\u7406\u5458\u53ef\u7f16\u8f91"},"mp_exclusive_customer_service":{"zh_CN":"\u4e13\u5c5e\u5ba2\u670d"},"mp_the_request_failed_because_the":{"zh_CN":"\u597d\u53cb\u8d26\u53f7\u4e3a\u7a7a\uff0c\u8bf7\u6c42\u5931\u8d25"},"mp_pictures_might_use_comment":{"en_US":"The floating panel on the right is for retrieving recent images","zh_CN":"\u8f93\u5165\u6846\u53f3\u4fa7\u7684\u6d6e\u6846\uff0c\u7528\u4e8e\u83b7\u53d6\u6700\u8fd1\u7684\u56fe\u7247"},"mp_group_member_deletion_failed_please":{"zh_CN":"\u7fa4\u6210\u5458\u5220\u9664\u5931\u8d25,\u8bf7\u7a0d\u540e\u518d\u8bd5!"},"mp_million":{"zh_CN":"\u4ebf"},"mp_come_and_talk_with_everyone":{"zh_CN":")\uff0c\u201c\u5feb\u6765\u548c\u5927\u5bb6\u4e00\u8d77\u804a\u201d!"},"mp_failed_send":{"en_US":"Failed to send","zh_CN":"\u53d1\u9001\u5931\u8d25"},"mp_go_to_settings_to_enable":{"zh_CN":"\u8bf7\u5230\u8bbe\u7f6e\u4e2d\u5f00\u542f\u624b\u673a\u6dd8\u5b9d\u7684\u5b58\u50a8\u8bbf\u95ee\u6743\u9650"},"mp_received_resumed":{"zh_CN":"\u5df2\u6062\u590d\u63a5\u6536"},"mp_despise_you":{"en_US":"Despise you","zh_CN":"\u9119\u89c6\u4f60"},"mp_the_of_the_current_store":{"zh_CN":"\u5df2\u5173\u95ed\u5f53\u524d\u5e97\u94fa\u7684"},"mp_top_session":{"zh_CN":"\u7f6e\u9876\u4f1a\u8bdd"},"mp_no_unprocessed_taobao_requests":{"zh_CN":"\u6ca1\u6709\u672a\u5904\u7406\u7684\u6dd8\u53cb\u8bf7\u6c42"},"mp_settings_1":{"zh_CN":"\u8bbe\u7f6e"},"mp_crying_loudly":{"zh_CN":"\u568e\u5555\u5927\u54ed"},"mp_oh_i_made_a_mistake":{"zh_CN":"\u54ce\u5440,\u4e0d\u5c0f\u5fc3\u51fa\u9519\u5566..."},"mp_unfollow":{"zh_CN":"\u53d6\u6d88\u5173\u6ce8"},"mp_no_address_found":{"zh_CN":"\u6ca1\u6709\u627e\u5230\u5730\u5740"},"mp_payment":{"zh_CN":"\u4ee3\u4ed8"},"mp_details":{"zh_CN":"\u8be6\u7ec6\u8d44\u6599"},"mp_file_read_aborted":{"zh_CN":"\u6587\u4ef6\u8bfb\u53d6\u5931\u8d25"},"mp_clock":{"en_US":"Clock","zh_CN":"\u65f6\u949f"},"mp_the_group_no_longer_exists":{"zh_CN":"\u8be5\u7fa4\u5df2\u4e0d\u5b58\u5728"},"mp_service_timeout_error":{"en_US":"The service timed out","zh_CN":"\u670d\u52a1\u8d85\u65f6\u9519\u8bef\u4e86"},"mp_now":{"en_US":"Now","zh_CN":"\u73b0\u5728"},"mp_the_current_version_does_not":{"zh_CN":"\u5f53\u524d\u7248\u672c\u6682\u4e0d\u652f\u6301\u60a8\u7684\u64cd\u4f5c"},"mp_please_select_at_least_one":{"zh_CN":"\u8bf7\u81f3\u5c11\u9009\u62e91\u4e2a\u5e97\u94fa"},"mp_someone_praised_you":{"zh_CN":"\u6709\u4eba\u8d5e\u4e86\u4f60"},"mp_in_app_banner_reminder":{"zh_CN":"\u5e94\u7528\u5185\u6a2a\u5e45\u63d0\u9192"},"mp_unsupported_message_types":{"zh_CN":"\u4e0d\u652f\u6301\u7684\u6d88\u606f\u7c7b\u578b"},"mp_unread":{"en_US":"Unread","zh_CN":"\u672a\u8bfb"},"mp_latest_reply_click_me_to":{"zh_CN":"\u6700\u65b0\u56de\u590d? \u70b9\u6211\u5f00\u542f\u63d0\u9192>>"},"mp_rose":{"en_US":"Rose","zh_CN":"\u73ab\u7470"},"mp_geographical_location":{"en_US":"Geographical location","zh_CN":"\u5730\u7406\u4f4d\u7f6e"},"mp_received_a_score":{"zh_CN":"\u6536\u5230\u4e00\u6761\u8bc4\u5206"},"mp_address_book":{"zh_CN":"\u901a\u8baf\u5f55"},"mp_the_message_cannot_be_found":{"zh_CN":"\u627e\u4e0d\u5230\u8be5\u6d88\u606f"},"mp_turn_off_smart_lenovo":{"zh_CN":"\u5173\u95ed\u667a\u80fd\u8054\u60f3"},"mp_when_you_save_an_album":{"zh_CN":"\u5f53\u60a8\u4fdd\u5b58\u76f8\u518c\u65f6\u53ef\u80fd\u9700\u8981\u7cfb\u7edf\u6388\u6743\u5b58\u50a8\u6743\u9650"},"mp_activities_discounts_promotions":{"zh_CN":"\u6d3b\u52a8\u3001\u4f18\u60e0\u3001\u4fc3\u9500"},"mp_management":{"zh_CN":"\u7ba1\u7406"},"mp_when_you_listen_to_voice":{"zh_CN":"\u5f53\u60a8\u6536\u542c\u8bed\u97f3\u6d88\u606f\u65f6\u53ef\u80fd\u9700\u8981\u7cfb\u7edf\u6388\u6743\u542c\u7b52\u4f7f\u7528\u6743\u9650"},"mp_hometown_group":{"zh_CN":"\u5bb6\u4e61\u7fa4"},"mp_when_you_save_a_video":{"zh_CN":"\u5f53\u60a8\u4fdd\u5b58\u89c6\u9891\u65f6\u53ef\u80fd\u9700\u8981\u7cfb\u7edf\u6388\u6743\u5b58\u50a8\u6743\u9650"},"mp_item_not_found":{"zh_CN":"\u672a\u67e5\u627e\u5230\u5b9d\u8d1d"},"mp_it_s_late":{"en_US":"It\u2019s late","zh_CN":"\u5f88\u665a\u4e86"},"mp_hands_free_function_disabled":{"zh_CN":"\u5df2\u5173\u95ed\u514d\u63d0\u529f\u80fd"},"mp_unmute":{"zh_CN":"\u53d6\u6d88\u9759\u97f3"},"mp_all_message_records_in_the":{"zh_CN":"\u5c06\u5220\u9664\u6d88\u606f\u754c\u9762\u7684\u6240\u6709\u6d88\u606f\u8bb0\u5f55\uff0c\u6e05\u7a7a\u7684\u6d88\u606f\u518d\u6b21\u6f2b\u6e38\u65f6\u4e0d\u4f1a\u51fa\u73b0"},"mp_scream":{"en_US":"Scream","zh_CN":"\u60ca\u58f0\u5c16\u53eb"},"mp_d_new_messages":{"zh_CN":"%1$d\u6761\u65b0\u6d88\u606f"},"mp_disable_microphone":{"zh_CN":"\u7981\u7528\u9ea6\u514b\u98ce"},"mp_failed_to_cancel_collection":{"zh_CN":"\u53d6\u6d88\u6536\u85cf\u5931\u8d25!"},"mp_put_it_away":{"zh_CN":"\u6536\u8d77"},"mp_evil":{"en_US":"Evil","zh_CN":"\u90aa\u6076"},"mp_message_settings":{"zh_CN":"\u6d88\u606f\u8bbe\u7f6e"},"mp_make_new_friend":{"en_US":"Make a new friend","zh_CN":"\u4ea4\u4e2a\u65b0\u670b\u53cb\u5427"},"mp_added_successfully":{"en_US":"Added","zh_CN":"\u6dfb\u52a0\u6210\u529f"},"mp_share":{"zh_CN":"\u5206\u4eab"},"mp_bit_user":{"zh_CN":"\u4f4d\u7528\u6237"},"mp_currently_this_type_of_file":{"zh_CN":"\u6682\u4e0d\u652f\u6301\u53d1\u9001\u8be5\u7c7b\u578b\u6587\u4ef6"},"mp_the_order_is_being_delivered":{"zh_CN":"\u8ba2\u5355\u6d3e\u9001\u4e2d..."},"mp_mobile_taobao_built_in_sound":{"zh_CN":"\u624b\u6dd8\u5185\u7f6e\u97f3\u6548"},"mp_shy":{"en_US":"Shy","zh_CN":"\u5bb3\u7f9e"},"mp_your_location_information_can_be":{"zh_CN":"\u60a8\u7684\u4f4d\u7f6e\u4fe1\u606f\u53ef\u88ab\u7528\u4e8e\u6dd8\u5b9d\u804a\u5929\u4e2d\uff0c\u60a8\u53ef\u4ee5\u5728\u804a\u5929\u4e2d\u4e3b\u52a8\u53d1\u9001\u4f4d\u7f6e\u7ed9\u4ed6\u4eba\u3002"},"mp_inquire_order":{"en_US":"You may want to enquire this order","zh_CN":"\u4f60\u53ef\u80fd\u60f3\u54a8\u8be2\u8be5\u8ba2\u5355"},"mp_receiver_mode":{"zh_CN":"\u542c\u7b52\u6a21\u5f0f"},"mp_new_messages_99plus":{"zh_CN":"99+\u6761\u65b0\u6d88\u606f"},"mp_one_by_one_forwarding":{"zh_CN":"\u9010\u6761\u8f6c\u53d1"},"mp_tears_collapse":{"zh_CN":"\u6cea\u5d29"},"mp_you":{"en_US":"You","zh_CN":"\u4f60"},"mp_transaction_logistics":{"en_US":"Shipping","zh_CN":"\u4ea4\u6613\u7269\u6d41"},"mp_it_cannot_be_less_than":{"zh_CN":"\u4e0d\u80fd\u5c11\u4e8e5\u4e2a\u5b57\u54e6"},"mp_reply_Ta":{"en_US":"Reply","zh_CN":"\u56de\u590dTA"},"mp_search":{"en_US":"Search","zh_CN":"\u641c\u7d22"},"mp_select_a_store":{"zh_CN":"\u9009\u62e9\u5e97\u94fa"},"mp_selected_s_person":{"zh_CN":"\u5df2\u9009\u62e9:%1$s\u4eba"},"mp_service_number":{"zh_CN":"\u670d\u52a1\u53f7"},"mp_go_to_the_store":{"zh_CN":"\u8fdb\u5e97\u901b\u901b"},"mp_video_playback_failed":{"en_US":"Failed to open the video. Please try again.","zh_CN":"\u89c6\u9891\u64ad\u653e\u5931\u8d25\uff0c\u8bf7\u91cd\u8bd5"},"mp_system_message":{"en_US":"System messages","zh_CN":"\u7cfb\u7edf\u6d88\u606f"},"mp_news_two_weeks_ago":{"zh_CN":"\u4e24\u5468\u524d\u7684\u6d88\u606f"},"mp_location_permission_close":{"en_US":"Location access disabled","zh_CN":"\u5b9a\u4f4d\u6743\u9650\u5df2\u5173\u95ed"},"mp_s_will_serve_you":{"zh_CN":"%1$s\u5c06\u4e3a\u60a8\u670d\u52a1"},"mp_title":{"zh_CN":"\u6807\u9898"},"mp_upload_limit":{"en_US":"upload limit","zh_CN":"\u4e0a\u4f20\u9650\u5236"},"mp_add_taobao_friends":{"zh_CN":"\u6dfb\u52a0\u6dd8\u53cb"},"mp_arrange":{"en_US":"Collate","zh_CN":"\u6574\u7406"},"mp_explosion_warehouse":{"zh_CN":"\u7206\u4ed3"},"mp_no_news_yet":{"zh_CN":"\u8fd8\u6ca1\u6709\u4efb\u4f55\u6d88\u606f"},"mp_subscription_number_message":{"zh_CN":"\u8ba2\u9605\u53f7\u6d88\u606f"},"mp_recent_contact":{"en_US":"Most recent contact","zh_CN":"\u6700\u8fd1\u8054\u7cfb\u4eba"},"mp_hi_only_those_who_have":{"zh_CN":"Hi,\u53ea\u6709\u88ab\u62c9\u9ed1\u7684\u4eba\u624d\u4f1a\u51fa\u73b0\u5728\u8fd9\u91cc\u54e6..."},"mp_network_error":{"en_US":"The internet is not available now. Please try again later","zh_CN":"\u5f53\u524d\u7f51\u7edc\u4e0d\u53ef\u7528~\u8bf7\u7a0d\u540e\u518d\u8bd5"},"mp_total_items_desc":{"en_US":"${itemQuantity} items\uff1aTotal ${totalPrice}","zh_CN":"\u5171${itemQuantity}\u4ef6\u5546\u54c1\uff1a\u5408\u8ba1 ${totalPrice}"},"mp_sound_effect":{"zh_CN":"\u97f3\u6548"},"mp_the_message_is_not_valid":{"zh_CN":"\u6d88\u606f\u4e0d\u5728\u6709\u6548\u671f\uff0c\u8df3\u8fc7\u8bc4\u5206"},"mp_failed_to_generate_qr_code":{"zh_CN":"\u751f\u6210\u4e8c\u7ef4\u7801\u5931\u8d25"},"mp_dear_the_addition_failed_please":{"zh_CN":"\u4eb2\uff0c\u6dfb\u52a0\u5931\u8d25\uff0c\u8bf7\u54a8\u8be2\u7ebf\u4e0b\u5bfc\u8d2d\u5458\u662f\u5426\u52a0\u5165\u4e86\u9ed1\u540d\u5355\u3002"},"mp_confirm_deletion":{"zh_CN":"\u786e\u5b9a\u5220\u9664"},"mp_please_check_network":{"en_US":"Please check the internet","zh_CN":"\u8bf7\u68c0\u67e5\u7f51\u7edc\uff5e"},"mp_group_chat_creation_failed_please":{"zh_CN":"\u7fa4\u804a\u521b\u5efa\u5931\u8d25,\u8bf7\u7a0d\u540e\u518d\u8bd5!"},"mp_service_reminder":{"zh_CN":"\u670d\u52a1\u63d0\u9192"},"mp_downloaded_emoticons":{"en_US":"Downloaded emojis","zh_CN":"\u5df2\u4e0b\u8f7d\u7684\u8868\u60c5"},"mp_the_voice_call_has_been":{"zh_CN":"\u5bf9\u65b9\u5df2\u53d6\u6d88\u8bed\u97f3\u901a\u8bdd"},"mp_camera":{"zh_CN":"\u76f8\u673a"},"mp_after_exiting_you_will_no":{"zh_CN":"\u9000\u51fa\u540e\u60a8\u5c06\u4e0d\u518d\u6536\u5230\u7fa4\u804a\u5185\u7684\u6d88\u606f"},"mp_speaking":{"en_US":"The other person is speaking","zh_CN":"\u5bf9\u65b9\u6b63\u5728\u8bf4\u8bdd..."},"mp_the_operation_failed_please_try":{"zh_CN":"\u64cd\u4f5c\u5931\u8d25\uff0c\u8bf7\u91cd\u8bd5"},"mp_accepted_voice_chat":{"zh_CN":"\u63a5\u53d7\u4e86\u8bed\u97f3\u804a\u5929"},"mp_happy":{"zh_CN":"\u5f00\u5fc3"},"mp_taobao_official_customer_service":{"zh_CN":"\u6dd8\u5b9d\u5b98\u65b9\u5ba2\u670d"},"mp_official":{"zh_CN":"\u5b98\u65b9"},"mp_handsfree":{"zh_CN":"\u514d\u63d0"},"mp_talking_time_short":{"en_US":"Talking time is too short","zh_CN":"\u8bf4\u8bdd\u65f6\u95f4\u592a\u77ed"},"mp_calling_you":{"zh_CN":"\u6b63\u5728\u547c\u53eb\u60a8...."},"mp_ten_thousand":{"zh_CN":"\u4e07"},"mp_download_emoticons_desc":{"en_US":"Don't worry. Please try downloading","zh_CN":"\u522b\u7d27\u5f20\uff0c\u4e0b\u8f7d\u8bd5\u8bd5\u770b~"},"mp_recently_used":{"en_US":"Recently used","zh_CN":"\u6700\u8fd1\u4f7f\u7528"},"mp_group_information":{"zh_CN":"\u7fa4\u7ec4\u4fe1\u606f("},"mp_prompt":{"zh_CN":"\u63d0\u793a"},"mp_express_box":{"en_US":"Express box","zh_CN":"\u5feb\u9012\u76d2"},"mp_please_use_the_receiver_to":{"zh_CN":"\u8bf7\u7528\u542c\u7b52\u63a5\u542c"},"mp_the_other_party_ended_the":{"zh_CN":"\u5bf9\u65b9\u7ed3\u675f\u4e86\u8bed\u97f3"},"mp_mobile_taobao":{"zh_CN":"\u624b\u673a\u6dd8\u5b9d"},"mp_content_number":{"zh_CN":"\u5185\u5bb9\u53f7"},"mp_call":{"en_US":"Cheer","zh_CN":"\u6253call"},"mp_including_operation_feedback_sound_effects":{"zh_CN":"\u5305\u62ec\u5237\u65b0\u3001\u8d5e\u3001\u53d1\u5e03\u7b49\u64cd\u4f5c\u53cd\u9988\u97f3\u6548"},"mp_you_have_rejected_all_stores_1":{"zh_CN":"\u60a8\u5df2\u62d2\u6536\u5168\u90e8\u5e97\u94fa\u7684\uff0c"},"mp_voice_call_duration":{"zh_CN":"\u8bed\u97f3\u901a\u8bdd\u65f6\u957f"},"mp_you_have_checked":{"en_US":"You have selected","zh_CN":"\u4f60\u5df2\u7ecf\u52fe\u9009\u4e86"},"mp_sender":{"en_US":"Sender","zh_CN":"\u53d1\u9001\u8005"},"mp_handshake":{"en_US":"Handshake","zh_CN":"\u63e1\u624b"},"mp_not_solving_the_problem":{"en_US":"Sorry I couldn't help,","zh_CN":"\u62b1\u6b49\u672a\u89e3\u51b3\u95ee\u9898\uff0c"},"mp_member_group":{"zh_CN":"\u4f1a\u5458\u7fa4"},"mp_sort":{"en_US":"Sorting","zh_CN":"\u6392\u5e8f"},"mp_adding_1":{"zh_CN":"\u6b63\u5728\u6dfb\u52a0"},"mp_exclusive_consultant":{"zh_CN":"\u4e13\u5c5e\u987e\u95ee"},"mp_previous_message":{"en_US":"ago","zh_CN":"\u524d\u7684\u6d88\u606f"},"mp_network_error_please_check_your":{"zh_CN":"\u7f51\u7edc\u9519\u8bef\uff0c\u8bf7\u68c0\u67e5\u60a8\u7684\u7f51\u7edc\u8fde\u63a5"},"mp_new_pink":{"zh_CN":"\u65b0\u7c89"},"mp_network_exception_disconnected":{"zh_CN":"\u7f51\u7edc\u5f02\u5e38\uff0c\u5df2\u65ad\u5f00"},"mp_collapsed_message_expanded":{"zh_CN":"\u6298\u53e0\u6d88\u606f\u5df2\u5c55\u5f00"},"mp_failed_to_add_favorites":{"zh_CN":"\u6dfb\u52a0\u6536\u85cf\u5931\u8d25!"},"mp_notification_message":{"zh_CN":"\u901a\u77e5\u6d88\u606f"},"mp_dear_the_service_is_busy":{"zh_CN":"\u4eb2\uff0c\u670d\u52a1\u7e41\u5fd9\uff0c\u8bf7\u7a0d\u540e\u518d\u8bd5\u54e6\u3002"},"mp_tangled":{"zh_CN":"\u7ea0\u7ed3"},"mp_the_group_owner_has_turned_1":{"zh_CN":"\u7fa4\u4e3b\u5df2\u5173\u95ed\u67e5\u770b\u7528\u6237\u8d44\u6599\u7684\u529f\u80fd"},"mp_free_shipping":{"zh_CN":"\u5305\u90ae"},"mp_message_default_notification":{"zh_CN":"\u6d88\u606f\u9ed8\u8ba4\u901a\u77e5"},"mp_click_the_button_to_add":{"zh_CN":"\u70b9\u51fb\u6309\u94ae\u6dfb\u52a0\u6dd8\u53cb\uff0c\u7136\u540e\u624d\u80fd\u53d1\u8d77\u7fa4\u804a"},"mp_not_connected":{"en_US":"Not connected","zh_CN":"\u672a\u8fde\u63a5"},"mp_the_content_cannot_be_empty":{"zh_CN":"\u5185\u5bb9\u4e0d\u80fd\u4e3a\u7a7a"},"mp_delete_a_group_super_administrator":{"zh_CN":"\u5220\u9664\u7fa4\u7ec4\u8d85\u7ea7\u7ba1\u7406\u5458"},"mp_point_me":{"zh_CN":"\u70b9\u6211"},"mp_crushed":{"zh_CN":"\u88ab\u6324\u7206"},"mp_saving":{"zh_CN":"\u4fdd\u5b58\u4e2d"},"mp_your_software_version_is_older":{"zh_CN":"\u60a8\u7684\u8f6f\u4ef6\u7248\u672c\u8f83\u8001\uff0c\u8bf7\u5347\u7ea7\u540e\u67e5\u770b\u8be5\u6d88\u606f\u3002"},"mp_search_expression_by_moving_picture":{"zh_CN":"\u641c\u8868\u60c5 (by\u52a8\u56fe\u5b87\u5b99)"},"mp_inviting_you_to_video_chat":{"zh_CN":"\u6b63\u5728\u9080\u8bf7\u4f60\u89c6\u9891\u804a\u5929"},"mp_itemQuantity_items_in_total_totalPrice":{"en_US":"Total ${itemQuantity} items, total ${totalPrice}","zh_CN":"\u5171${itemQuantity}\u4ef6\u5546\u54c1,\u5408\u8ba1${totalPrice}"},"mp_comfort_1":{"en_US":"Comfort","zh_CN":"\u5b89\u6170"},"mp_retry":{"en_US":"Retry","zh_CN":"\u91cd\u8bd5"},"mp_shipped":{"zh_CN":"\u53d1\u8d27\u4e2d"},"mp_storage_space":{"zh_CN":"\u5b58\u50a8\u7a7a\u95f4"},"mp_video_message":{"en_US":"[Video message]","zh_CN":"[\u89c6\u9891\u6d88\u606f]"},"mp_privacy_settings":{"zh_CN":"\u9690\u79c1\u8bbe\u7f6e"},"mp_cancel_the_top":{"zh_CN":"\u53d6\u6d88\u7f6e\u9876"},"mp_diamond_pink":{"zh_CN":"\u94bb\u7c89"},"mp_failed_to_load":{"zh_CN":"\u52a0\u8f7d\u5931\u8d25"},"mp_downloading":{"zh_CN":"\u4e0b\u8f7d\u4e2d"},"mp_return":{"zh_CN":"\u8fd4\u56de"},"mp_invite_you_to_multi_person":{"zh_CN":"\u9080\u8bf7\u4f60\u8fdb\u5165\u591a\u4eba\u89c6\u9891\u804a\u5929\u2026"},"mp_expression_search":{"zh_CN":"\u8868\u60c5\u641c\u7d22"},"mp_all_emoticons":{"en_US":"All emojis","zh_CN":"\u5168\u90e8\u8868\u60c5"},"mp_itemQuantity_items":{"en_US":"${itemQuantity} items","zh_CN":"\u5171${itemQuantity}\u4ef6\u5546\u54c1"},"mp_message_cleared_successfully":{"zh_CN":"\u6d88\u606f\u6e05\u7a7a\u6210\u529f"},"mp_the_current_store_has_been":{"zh_CN":"\u5df2\u6062\u590d\u5f53\u524d\u5e97\u94fa\u7684"},"mp_giggle":{"en_US":"Giggle","zh_CN":"\u50bb\u7b11"},"mp_no_new_messages":{"en_US":"No new messages","zh_CN":"\u6682\u65e0\u65b0\u6d88\u606f"},"mp_telephone":{"en_US":"Telephone","zh_CN":"\u7535\u8bdd"},"mp_group_friends":{"zh_CN":"\u7fa4\u53cb"},"mp_store_order_reminder":{"zh_CN":"\u5e97\u94fa\u8ba2\u5355\u63d0\u9192"},"mp_currently_not_supported":{"zh_CN":"\u6682\u4e0d\u652f\u6301"},"mp_dont_nervous_refresh_page":{"en_US":"Don't worry. Please try refreshing","zh_CN":"\u522b\u7d27\u5f20\uff0c\u8bd5\u8bd5\u770b\u5237\u65b0\u9875\u9762~"},"mp_please_select_at_least_item":{"zh_CN":"\u8bf7\u81f3\u5c11\u9009\u62e91\u4e2a\u5b9d\u8d1d"},"mp_total":{"zh_CN":"\u5408\u8ba1"},"mp_invite_you_to_video_chat":{"zh_CN":"\u9080\u8bf7\u4f60\u8fdb\u884c\u89c6\u9891\u804a\u5929"},"mp_feedback_and_uncollapse":{"zh_CN":"\u53cd\u9988\u5e76\u53d6\u6d88\u6298\u53e0"},"mp_association_desc":{"en_US":"Only valid when chatting with sellers who have enabled this feature","zh_CN":"\u4ec5\u5728\u4e0e\u5f00\u901a\u8be5\u529f\u80fd\u7684\u5546\u5bb6\u5bf9\u8bdd\u65f6\u6709\u6548"},"mp_no_disturbance":{"zh_CN":"\u514d\u6253\u6270"},"mp_send_successfully":{"en_US":"Send successfully","zh_CN":"\u53d1\u9001\u6210\u529f"},"mp_preview_title":{"zh_CN":"\u9884\u89c8\u6807\u9898"},"mp_i_know":{"en_US":"I know","zh_CN":"\u6211\u77e5\u9053\u4e86"},"mp_back_to_pre":{"zh_CN":"\u8fd4\u56de\u4e0a\u4e00\u9875"},"mp_mark_read":{"zh_CN":"\u6807\u8bb0\u5df2\u8bfb"},"mp_dress_up":{"zh_CN":"\u6362\u88c5"},"mp_someone_praised_me":{"zh_CN":"\u6709\u4eba\u8d5e\u4e86\u6211"},"mp_administrator":{"en_US":"Administrator","zh_CN":"\u7ba1\u7406\u5458"},"mp_click_here":{"en_US":"click it","zh_CN":"\u70b9\u6b64"},"mp_open_system_notifications_and_receive":{"zh_CN":"\u6253\u5f00\u7cfb\u7edf\u901a\u77e5\uff0c\u968f\u65f6\u63a5\u6536\u7269\u6d41\u52a8\u6001\u7b49\u4fe1\u606f"},"mp_photo_album":{"en_US":"Album","zh_CN":"\u76f8\u518c"},"mp_so_tired":{"en_US":"So tired","zh_CN":"\u597d\u7d2f"},"mp_chat_room":{"zh_CN":"\u804a\u5929\u5ba4"},"mp_desolation":{"en_US":"Desolation","zh_CN":"\u51c4\u51c9"},"mp_family_home_group":{"zh_CN":"\u4eb2\u60c5\u5bb6\u56ed\u7fa4"},"mp_cancel_upload":{"zh_CN":"\u53d6\u6d88\u4e0a\u4f20"},"mp_enabled":{"zh_CN":"\u5df2\u5f00\u542f"},"mp_asking_in_another_way":{"en_US":"Sorry I couldn't help, try asking the question in a different way","zh_CN":"\u62b1\u6b49\u672a\u89e3\u51b3\u95ee\u9898\uff0c\u5c1d\u8bd5\u6362\u4e2a\u95ee\u6cd5\u5427"},"mp_open_location_permission_desc":{"en_US":"Please set available by Settings-Privacy-Location service","zh_CN":"\u8bf7\u5230[\u8bbe\u7f6e-\u9690\u79c1-\u5b9a\u4f4d\u670d\u52a1]\u4e2d\u8bbe\u7f6e\u53ef\u7528"},"mp_cancelled":{"en_US":"Cancelled ","zh_CN":"\u5df2\u53d6\u6d88"},"mp_the_qr_code_of_this":{"zh_CN":"\u8be5\u7fa4\u4e8c\u7ef4\u7801\u5c06\u5728"},"mp_genuine_goods":{"zh_CN":"\u6b63\u54c1"},"mp_amazing":{"en_US":"Amazing","zh_CN":"\u60ca\u8273"},"mp_kiss":{"en_US":"Kiss","zh_CN":"\u98de\u543b"},"mp_delete_successfully_click_in_the":{"en_US":"If the deletion is successful, click the + sign in the upper right corner and enter the message settings to delete conversations in batches","zh_CN":"\u5220\u9664\u6210\u529f\uff0c\u70b9\u51fb\u53f3\u4e0a\u89d2+\u53f7\uff0c\u8fdb\u5165\u6d88\u606f\u8bbe\u7f6e\u53ef\u4ee5\u6279\u91cf\u5220\u9664\u4f1a\u8bdd"},"mp_comfort":{"zh_CN":"\u5b89\u629a"},"mp_use":{"zh_CN":"\u7528"},"mp_quick_start":{"zh_CN":"\u5feb\u901f\u5f00\u59cb"},"mp_reboard":{"en_US":"Re-login","zh_CN":"\u91cd\u767b"},"mp_system_message_1":{"en_US":"[System message]","zh_CN":"[\u7cfb\u7edf\u6d88\u606f]"},"mp_choose_tao_you":{"zh_CN":"\u9009\u62e9\u6dd8\u53cb"},"mp_voice_call_ended":{"zh_CN":"\u5df2\u7ed3\u675f\u8bed\u97f3\u901a\u8bdd"},"mp_check":{"en_US":"Check","zh_CN":"\u67e5\u770b"},"mp_voice_call":{"en_US":"Voice call","zh_CN":"\u8bed\u97f3\u804a\u5929"},"mp_waybill_no":{"en_US":"waybill no:","zh_CN":"\u8fd0\u5355\u7f16\u53f7:"},"mp_forward_message_use_new_version":{"en_US":"The other person shared a message to you, which can be seen via the new version","zh_CN":"\u5bf9\u65b9\u5411\u4f60\u8f6c\u53d1\u4e86\u6d88\u606f\uff0c\u9700\u8981\u4f7f\u7528\u65b0\u7248\u672c\u663e\u793a\u3002"},"mp_identify_QR_code":{"en_US":"Recognize QR in the picture","zh_CN":"\u8bc6\u522b\u56fe\u4e2d\u4e8c\u7ef4\u7801"},"mp_location_2":{"en_US":"[Location]","zh_CN":"[\u4f4d\u7f6e]"},"mp_location_1":{"en_US":"Location:","zh_CN":"\u4f4d\u7f6e:"},"mp_mysterious_taoyou":{"zh_CN":"\u795e\u79d8\u6dd8\u53cb"},"mp_blacklist_list":{"zh_CN":"\u9ed1\u540d\u5355\u5217\u8868"},"mp_say_something_to_your_friends":{"zh_CN":"\u8ddf\u597d\u53cb\u8bf4\u4e24\u53e5\u5427\uff1a"},"mp_enable_1":{"zh_CN":"\u542f\u7528"},"mp_residual_flower":{"en_US":"Withered flower","zh_CN":"\u6b8b\u82b1"},"mp_group_business_card":{"en_US":"Group business card","zh_CN":"\u7fa4\u540d\u7247"},"mp_help":{"zh_CN":"\u5e2e\u52a9"},"mp_the_network_crashed_unexpectedly":{"zh_CN":"\u7f51\u7edc\u7adf\u7136\u5d29\u6e83\u4e86"},"mp_the_group_owner_has_turned":{"zh_CN":"\u7fa4\u4e3b\u5df2\u5173\u95ed\u67e5\u770b\u7528\u6237\u8d44\u6599\u529f\u80fd"},"mp_the_network_is_abnormal_make":{"zh_CN":"\u7f51\u7edc\u5f02\u5e38\uff0c\u8bf7\u786e\u8ba4\u7f51\u7edc\u987a\u7545"},"mp_you_have_rejected_all_stores":{"zh_CN":"\u60a8\u5df2\u62d2\u6536\u5168\u90e8\u5e97\u94fa\u7684"},"mp_camera_turned_off":{"zh_CN":"\u5df2\u5173\u95ed\u6444\u50cf\u5934"},"mp_liked_your":{"en_US":" liked your ","zh_CN":"\u8d5e\u4e86\u4f60\u7684"},"mp_folded_messages":{"zh_CN":"\u5df2\u6298\u53e0\u6d88\u606f"},"mp_failed_to_save_the_expression":{"zh_CN":"\u4fdd\u5b58\u8868\u60c5\u5931\u8d25\u6216\u8868\u60c5\u5df2\u7ecf\u5b58\u5728"},"mp_service_update":{"zh_CN":"\u670d\u52a1\u6709\u66f4\u65b0"},"mp_dear_i_don_t_have":{"zh_CN":"\u4eb2,\u6728\u6709\u66f4\u591a\u6570\u636e\u5566..."},"mp_reply":{"en_US":"Reply","zh_CN":"\u56de\u590d"},"mp_laugh":{"en_US":"Laugh","zh_CN":"\u5927\u7b11"},"mp_accepted_video_chat":{"zh_CN":"\u63a5\u53d7\u4e86\u89c6\u9891\u804a\u5929"},"mp_no_1":{"zh_CN":"\u5426"},"mp_game":{"zh_CN":"\u6e38\u620f"},"mp_the_name_cannot_be_empty":{"zh_CN":"\u540d\u79f0\u4e0d\u80fd\u4e3a\u7a7a"},"mp_add_friends_1":{"zh_CN":"\u52a0\u597d\u53cb"},"mp_rage":{"en_US":"Rage","zh_CN":"\u5927\u6012"},"mp_save_image_failed_access_desc":{"en_US":"Please enable Taobao's access to photos in Settings->Privacy->Photos","zh_CN":"\u8bf7\u5728 \u8bbe\u7f6e->\u9690\u79c1->\u7167\u7247 \u4e2d\u5f00\u542f\u6dd8\u5b9d\u5bf9\u7167\u7247\u7684\u8bbf\u95ee\u6743\u9650"},"mp_mobile_phone_contact":{"zh_CN":"\u624b\u673a\u8054\u7cfb\u4eba"},"mp_product_details":{"zh_CN":"\u5546\u54c1\u8be6\u60c5"},"mp_network_exception_please_try_again":{"zh_CN":"\u7f51\u7edc\u5f02\u5e38\uff0c\u8bf7\u7a0d\u540e\u518d\u8bd5"},"mp_adding":{"en_US":"Adding","zh_CN":"\u6dfb\u52a0\u4e2d.."},"mp_my_tao_friend":{"zh_CN":"\u6211\u7684\u6dd8\u53cb"},"mp_when_opening_the_address_book":{"zh_CN":"\u6253\u5f00\u901a\u8baf\u5f55\u65f6\u9700\u8981\u7cfb\u7edf\u6388\u6743\u8bfb\u53d6\u901a\u8baf\u5f55\u6743\u9650"},"mp_taobao_team":{"zh_CN":"\u6dd8\u5b9d\u56e2\u961f"},"mp_commodity":{"en_US":"Items","zh_CN":"\u5546\u54c1"},"mp_of":{"en_US":" of ","zh_CN":"\u7684"},"mp_don_t_worry_try_to":{"zh_CN":"\u522b\u7740\u6025\uff0c\u8bd5\u8bd5\u770b\u5237\u65b0\u9875\u9762~"},"mp_discount":{"en_US":"Deals","zh_CN":"\u4f18\u60e0"},"mp_facial_expression_saved_successfully":{"zh_CN":"\u4fdd\u5b58\u8868\u60c5\u6210\u529f"},"mp_taobao_together":{"zh_CN":"\u4e00\u8d77\u6dd8"},"mp_this_product_does_not_support":{"zh_CN":"\u8be5\u5546\u54c1\u4e0d\u652f\u6301\u804a\u5929\u7a97\u5185\u9009\u62e9\u89c4\u683c"},"mp_surprised_1":{"en_US":"Surprised","zh_CN":"\u60ca\u8bb6"},"mp_ok":{"zh_CN":"\u53ef\u4ee5"},"mp_my_emoticons":{"en_US":"My emojis","zh_CN":"\u6211\u7684\u8868\u60c5"},"mp_you_can_also_turn_off":{"zh_CN":"\u4f60\u4e5f\u53ef\u4ee5\u5173\u95ed\u667a\u80fd\u6298\u53e0\uff0c\u5c55\u793a\u5b8c\u6574\u6d88\u606f"},"mp_failed_to_open_the_chat_window":{"zh_CN":"\u6253\u5f00\u804a\u5929\u7a97\u53e3\u5931\u8d25"},"mp_including_new_reminders_provided_by":{"zh_CN":"\u5305\u62ec\u7531\u4e13\u5c5e\u5ba2\u670d\u63d0\u4f9b\u7684\u4e0a\u65b0\u63d0\u9192\uff0c\u4e3a\u4f60\u63a8\u8350\u7b49\u65e5\u5e38\u6d3b\u52a8\u901a\u77e5"},"mp_ringtone_reminder":{"zh_CN":"\u94c3\u58f0\u63d0\u9192"},"mp_message_receiving_1":{"zh_CN":"\u6d88\u606f\u63a5\u6536\u4e2d\u2026"},"mp_no_notification_has_been_received":{"zh_CN":"\u6682\u672a\u6536\u5230\u901a\u77e5"},"mp_friends_please_add_friends_first":{"zh_CN":"\u4e2a\u597d\u53cb\uff0c\u8bf7\u5148\u6dfb\u52a0\u597d\u53cb"},"mp_you_have_a_new_message":{"en_US":"you have a new message","zh_CN":"\u60a8\u6709\u65b0\u6d88\u606f"},"mp_folding_group_chat":{"zh_CN":"\u6298\u53e0\u7684\u7fa4\u804a"},"mp_save_short_video_to_album":{"en_US":"Save the short video to the album","zh_CN":"\u4fdd\u5b58\u77ed\u89c6\u9891\u5230\u76f8\u518c"},"mp_login_failed":{"en_US":"Login Failed","zh_CN":"\u767b\u5f55\u5931\u8d25"},"mp_liked_the_following":{"en_US":"liked the following","zh_CN":"\u8d5e\u4e86\u4ee5\u4e0b\u5185\u5bb9"},"mp_consumers_of_the_following_orders":{"zh_CN":"\u4ee5\u4e0b\u8ba2\u5355\u6d88\u8d39\u8005\u5e0c\u671b\u5c3d\u5feb\u53d1\u8d27"},"mp_copy":{"en_US":"Copy","zh_CN":"\u590d\u5236"},"mp_what_is_a_friend":{"zh_CN":"\u4ec0\u4e48\u662f\u597d\u53cb"},"mp_find_same":{"en_US":"Take photo to search similars","zh_CN":"\u62cd\u7167\u641c\u540c\u6b3e"},"mp_price_determined":{"en_US":"Price pending","zh_CN":"\u4ef7\u683c\u5f85\u5b9a"},"mp_recorder_has_not_been_registered":{"zh_CN":"\u5f55\u97f3\u5668\u8fd8\u6ca1\u6709\u6ce8\u518c"},"mp_on_the_message_homepage_immediately":{"zh_CN":"\u5728\u6d88\u606f\u9996\u9875\u5373\u65f6\u63d0\u9192\u7528\u6237\u5173\u6ce8\u4fe1\u606f\uff0c\u7acb\u5373\u53bb\u8bbe\u7f6e"},"mp_resend":{"en_US":"Re-send","zh_CN":"\u91cd\u65b0\u53d1\u9001"},"mp_dear_the_addition_failed_please_1":{"zh_CN":"\u4eb2\uff0c\u6dfb\u52a0\u5931\u8d25\uff0c\u8bf7\u67e5\u770b\u5bfc\u8d2d\u7801\u662f\u5426\u6b63\u786e\u3002"},"mp_dear_cancel_failed":{"zh_CN":"\u4eb2,\u53d6\u6d88\u5931\u8d25\uff01"},"mp_preview_overview":{"zh_CN":"\u9884\u89c8\u6982\u8ff0"},"mp_yes":{"zh_CN":"\u662f"},"mp_enable":{"en_US":"enable","zh_CN":"\u5f00\u542f"},"mp_i_am":{"zh_CN":"\u6211\u662f"},"mp_i_took_u":{"en_US":"You win","zh_CN":"I\u670d\u4e86U"},"mp_unable_to_get_distance_induction":{"zh_CN":"\u65e0\u6cd5\u83b7\u53d6\u8ddd\u79bb\u611f\u5e94\u9501!"},"mp_long_speaking_time":{"zh_CN":"\u8bf4\u8bdd\u65f6\u95f4\u8fc7\u957f"},"mp_call_duration":{"en_US":"Call duration ","zh_CN":"\u901a\u8bdd\u65f6\u957f"},"mp_only_to_words_can_be":{"zh_CN":"\u53ea\u80fd\u586b\u51992~16\u4e2a\u5b57"},"mp_download_failed_try_again":{"en_US":"Failed to download. Please try again","zh_CN":"\u4e0b\u8f7d\u5931\u8d25\uff0c\u8bf7\u91cd\u8bd5"},"mp_alipay":{"en_US":"Alipay","zh_CN":"\u652f\u4ed8\u5b9d"},"mp_don_t_buy_it":{"zh_CN":"\u522b\u4e70"},"mp_anonymous":{"zh_CN":"\u533f\u540d"},"mp_live_streaming_fan_group":{"zh_CN":"\u76f4\u64ad\u7c89\u4e1d\u7fa4"},"mp_there_are_no_stores_to":{"zh_CN":"\u5f53\u524d\u6ca1\u6709\u6536\u85cf\u7684\u5e97\u94fa"},"mp_qr_code_expired_1":{"zh_CN":"\u4e8c\u7ef4\u7801\u8fc7\u671f"},"mp_positioning":{"zh_CN":"\u5b9a\u4f4d\u4e2d.."},"mp_light_shop":{"zh_CN":"\u8f7b\u5e97\u94fa"},"mp_common_group":{"zh_CN":"\u666e\u901a\u7fa4"},"mp_new_message_reminder":{"zh_CN":"\u65b0\u6d88\u606f\u63d0\u9192"},"mp_all":{"zh_CN":"\u5168\u90e8"},"mp_selected_s_group":{"zh_CN":"\u5df2\u9009\u62e9:%1$s\u7fa4\u7ec4"},"mp_words":{"en_US":"text","zh_CN":"\u6587"},"mp_creation_time":{"en_US":"Create on","zh_CN":"\u521b\u5efa\u65f6\u95f4"},"mp_i_want_to_consult_this":{"en_US":"I want to inquire about this order","zh_CN":"\u6211\u8981\u54a8\u8be2\u8fd9\u7b14\u8ba2\u5355"},"mp_platform_notification":{"zh_CN":"\u5e73\u53f0\u901a\u77e5"},"mp_send_coupons":{"zh_CN":"\u53d1\u4f18\u60e0\u5238"},"mp_failure":{"zh_CN":"\u5931\u6548"},"mp_verifying":{"zh_CN":"\u9a8c\u8bc1\u4e2d"},"mp_sufficient_supply":{"zh_CN":"\u8d27\u6e90\u5145\u8db3"},"mp_this_month":{"zh_CN":"\u8fd9\u4e2a\u6708"},"mp_friends":{"zh_CN":"\u597d\u53cb"},"mp_love_pink":{"zh_CN":"\u631a\u7231\u7c89"},"mp_store":{"en_US":"[Store]","zh_CN":"[\u5e97\u94fa]"},"mp_intelligent_lenovo_during_input":{"zh_CN":"\u8f93\u5165\u65f6\u667a\u80fd\u8054\u60f3"},"mp_video_call_duration":{"zh_CN":"\u89c6\u9891\u901a\u8bdd\u65f6\u957f"},"mp_text_conversion":{"en_US":"Convert text","zh_CN":"\u8f6c\u6587\u5b57"},"mp_system_authorization_is_required_to_1":{"zh_CN":"\u63a5\u542c\u8bed\u97f3\u901a\u8bdd\u9700\u8981\u7cfb\u7edf\u6388\u6743\u6743\u9650"},"mp_move_to_front":{"en_US":"Move to the front","zh_CN":"\u79fb\u81f3\u6700\u524d"},"mp_microphone_permission_desc":{"en_US":"Access to the microphone requires authorization. \\nPlease go to: Settings-Privacy-Microphone to authorize Taobao","zh_CN":"\u8bbf\u95ee\u9ea6\u514b\u98ce\u9700\u8981\u6388\u6743\u3002\\n\u8bf7\u524d\u5f80\uff1a\u8bbe\u7f6e\uff0d\u9690\u79c1\uff0d\u9ea6\u514b\u98ce,\u5bf9\u6dd8\u5b9d\u8fdb\u884c\u6388\u6743"},"mp_you_praised_you":{"zh_CN":"\u4f60\u8d5e\u4e86\u4f60"},"mp_there_is_no_content_to":{"zh_CN":"\u6240\u9009\u9879\u76ee\u4e2d\u6ca1\u6709\u53ef\u53d1\u9001\u7684\u5185\u5bb9"},"mp_the_message_has_been_forwarded":{"zh_CN":"\u5bf9\u65b9\u5411\u4f60\u8f6c\u53d1\u4e86\u6d88\u606f\uff0c\u9700\u8981\u4f7f\u7528\u65b0\u7248\u672c\u663e\u793a"},"mp_today":{"en_US":"Today","zh_CN":"\u4eca\u5929"},"mp_life_circle":{"zh_CN":"\u751f\u6d3b\u5708"},"mp_card_snapshot":{"zh_CN":"\u5361\u7247\u5feb\u7167"},"mp_owner_d":{"zh_CN":"\u6240\u6709\u4eba(%1d)"},"mp_function_description":{"zh_CN":"\u529f\u80fd\u8bf4\u660e"},"mp_there_seems_to_be_something":{"zh_CN":"\u7cfb\u7edf\u597d\u50cf\u51fa\u95ee\u9898\u4e86\uff0c\u8bf7\u7a0d\u540e\u91cd\u8bd5"},"mp_yyyy_year_mm_month_dd":{"zh_CN":"yyyy\u5e74MM\u6708dd\u65e5 HH:mm"},"mp_you_can_withdraw_messages_sent":{"zh_CN":"\u4f60\u53ef\u4ee5\u64a4\u56de%d\u5206\u949f\u5185\u53d1\u9001\u7684\u6d88\u606f(\u90e8\u5206\u65e7\u7248\u5343\u725b\u4e0d\u652f\u6301\u8be5\u529f\u80fd)"},"mp_failed_to_obtain_data":{"zh_CN":"\u6570\u636e\u83b7\u53d6\u5931\u8d25"},"mp_location_permission_desc":{"en_US":"Please turn on \\\"Location Services\\\" to allow \\\"Taobao\\\" to determine your location","zh_CN":"\u8bf7\u6253\u5f00\\\"\u5b9a\u4f4d\u670d\u52a1\\\"\u6765\u5141\u8bb8\\\"\u6dd8\u5b9d\\\"\u786e\u5b9a\u60a8\u7684\u4f4d\u7f6e"},"mp_card":{"en_US":"[Card]","zh_CN":"[\u5361\u7247]"},"mp_do_something_wrong":{"en_US":"Mistake","zh_CN":"\u505a\u9519\u4e8b"},"mp_do_you_think_this_product_1":{"zh_CN":"\u4f60\u89c9\u5f97\u8fd9\u4e2a\u5546\u54c1\u597d\u770b\u5417\uff1f"},"mp_short_video_progress_drawing":{"en_US":"Short video progress drawing","zh_CN":"\u77ed\u89c6\u9891\u8fdb\u5ea6\u7ed8\u5236"},"mp_template_message":{"en_US":"Template messages","zh_CN":"\u6a21\u7248\u6d88\u606f"},"mp_so_ugly":{"zh_CN":"\u597d\u4e11"},"mp_more_functions":{"zh_CN":"\u66f4\u591a\u529f\u80fd"},"mp_data_exception_group_addition_failed":{"zh_CN":"\u6570\u636e\u5f02\u5e38,\u52a0\u7fa4\u5931\u8d25"},"mp_click_here_to_view":{"zh_CN":"\u70b9\u6b64\u67e5\u770b>>"},"mp_xiao_wang":{"zh_CN":"\u5c0f\u65fa"},"mp_the_customer_assistant_is_very":{"zh_CN":"\u5c0f\u4e8c\u5f88\u5fd9\uff0c\u7cfb\u7edf\u5f88\u7d2f\uff0c\u8bf7\u7a0d\u540e\u91cd\u8bd5"},"mp_rejected":{"zh_CN":"\u5df2\u62d2\u7edd"},"mp_cardiac_acid":{"en_US":"Sorrowful","zh_CN":"\u5fc3\u9178"},"mp_get_location_failed":{"en_US":"Unable to locate you. Please try again later","zh_CN":"\u65e0\u6cd5\u83b7\u53d6\u60a8\u7684\u4f4d\u7f6e\uff0c\u8bf7\u7a0d\u540e\u518d\u8bd5\uff01"},"mp_wait":{"en_US":"Wait","zh_CN":"\u7b49\u5f85"},"mp_reload":{"zh_CN":"\u91cd\u65b0\u52a0\u8f7d"},"mp_video_1":{"en_US":"video","zh_CN":"\u89c6\u9891"},"mp_steal_music":{"zh_CN":"\u5077\u4e50"},"mp_the_file_does_not_exist":{"zh_CN":"\u6587\u4ef6\u4e0d\u5b58\u5728\u6216\u8005\u6587\u4ef6\u88ab\u4e0a\u4f20\u5230\u4e91\u7aef"},"mp_cash_red_envelope":{"zh_CN":"\u73b0\u91d1\u7ea2\u5305"},"mp_group_chat_can_only_accommodate":{"zh_CN":"\u7fa4\u804a\u6700\u591a\u53ea\u80fd\u5bb9\u7eb3"},"mp_go_to_the_web_version":{"zh_CN":"\u8fdb\u5165\u7f51\u9875\u7248"},"mp_message_sending_failed":{"zh_CN":"\u6d88\u606f\u53d1\u9001\u5931\u8d25"},"mp_personal_business_card":{"en_US":"Personal business card","zh_CN":"\u4e2a\u4eba\u540d\u7247"},"mp_delete_a_group_member":{"zh_CN":"\u5220\u9664\u7fa4\u6210\u5458"},"mp_announcement":{"zh_CN":"\u516c\u544a"},"mp_take_photo_error":{"en_US":"Photographing error","zh_CN":"\u62cd\u7167\u53d1\u751f\u5f02\u5e38"},"mp_parameter_parsing_error":{"en_US":"Parameter parsing error","zh_CN":"\u53c2\u6570\u89e3\u6790\u9519\u8bef"},"mp_person_unread":{"zh_CN":"\u4eba\u672a\u8bfb"},"mp_video_preview":{"zh_CN":"\u89c6\u9891\u9884\u89c8"},"mp_sadness":{"en_US":"Sadness","zh_CN":"\u5fe7\u4f24"},"mp_open_extension":{"zh_CN":"\u6253\u5f00\u6269\u5c55"},"mp_customer_service_recommend_you_a":{"zh_CN":"\u5ba2\u670d\u5411\u4f60\u63a8\u8350\u4e86\u4e00\u4e2a\u65b0\u5546\u54c1"},"mp_network_error_1":{"zh_CN":"\u7f51\u7edc\u9519\u8bef"},"mp_failed_to_scan_the_code":{"zh_CN":"\u626b\u7801\u5931\u8d25,\u8bf7\u7a0d\u540e\u91cd\u8bd5"},"mp_sticking_tongue_out":{"en_US":"Tongue out","zh_CN":"\u5410\u820c\u5934"},"mp_read_the_full_text":{"zh_CN":"\u9605\u8bfb\u5168\u6587"},"mp_Wednesday":{"en_US":"Wednesday","zh_CN":"\u661f\u671f\u4e09"},"mp_add_single_emoticon":{"en_US":"Add single emoji","zh_CN":"\u6dfb\u52a0\u5355\u4e2a\u8868\u60c5"},"mp_no_unread_messages":{"en_US":"No unread messages","zh_CN":"\u6682\u65e0\u672a\u8bfb\u6d88\u606f"},"mp_view_details":{"en_US":"Tap here to check details","zh_CN":"\u70b9\u6b64\u67e5\u770b\u8be6\u60c5>>>"},"mp_unknown_location":{"zh_CN":"\u672a\u77e5\u4f4d\u7f6e"},"mp_strip":{"zh_CN":"\u6761]"},"mp_applause":{"en_US":"Applause","zh_CN":"\u9f13\u638c"},"mp_hours_ago":{"en_US":"hours ago","zh_CN":"\u5c0f\u65f6\u524d"},"mp_chat_history_1":{"zh_CN":"\u804a\u5929\u8bb0\u5f55"},"mp_the_network_unexpectedly_crashed_please":{"zh_CN":"\u7f51\u7edc\u7adf\u7136\u5d29\u6e83\u4e86\uff0c\u8bf7\u7a0d\u540e\u91cd\u8bd5"},"mp_angry":{"en_US":"Angry","zh_CN":"\u751f\u6c14"},"mp_underflatted":{"en_US":"Deserving a slap","zh_CN":"\u6b20\u6241"},"mp_upgrade_version":{"en_US":"The current version do not support this message. Please update the version","zh_CN":"\u5f53\u524d\u7248\u672c\u4e0d\u652f\u6301\u8be5\u6d88\u606f\uff0c\u8bf7\u5347\u7ea7\u7248\u672c"},"mp_sorry":{"en_US":"Sorry","zh_CN":"\u5bf9\u4e0d\u8d77"},"mp_contact":{"zh_CN":"\u8054\u7cfb\u4eba"},"mp_your_report_has_been_submitted":{"zh_CN":"\u60a8\u7684\u4e3e\u62a5\u5df2\u7ecf\u63d0\u4ea4\u6210\u529f"},"mp_smile_1":{"en_US":"Chuckle","zh_CN":"\u61a8\u7b11"},"mp_text_not_recognized":{"en_US":"No characters recognized","zh_CN":"\u672a\u8bc6\u522b\u5230\u6587\u5b57"},"mp_the_number_of_people_in":{"zh_CN":"\u7fa4\u4eba\u6570\u5df2\u8fbe\u4e0a\u9650"},"mp_unknown_message_type":{"en_US":"Unknown message type","zh_CN":"\u672a\u77e5\u6d88\u606f\u7c7b\u578b"},"mp_dear_a_brand_can_only":{"zh_CN":"\u4eb2\uff0c\u4e00\u4e2a\u54c1\u724c\u53ea\u80fd\u6dfb\u52a0\u4e00\u4e2a\u4e13\u5c5e\u5bfc\u8d2d\uff0c\u4e0d\u8981\u8d2a\u5fc3\u54e6\u3002"},"mp_receive_subscription_messages_from_stores":{"zh_CN":"\u63a5\u6536\u5e97\u94fa\u7684\u8ba2\u9605\u6d88\u606f"},"mp_the_system_needs_to_authorize":{"zh_CN":"\u5f53\u901a\u8bdd\u65f6\u9700\u8981\u7cfb\u7edf\u6388\u6743\u7535\u8bdd\u72b6\u6001\u6743\u9650"},"mp_refresh":{"zh_CN":"\u5237\u65b0"},"mp_chat_records_for_s_and":{"zh_CN":"%1$s\u548c%2$s\u7684\u804a\u5929\u8bb0\u5f55"},"mp_click_this_authorization":{"zh_CN":"\u70b9\u6b64\u6388\u6743"},"mp_loading_2":{"en_US":"Loading...","zh_CN":"\u52a0\u8f7d\u4e2d..."},"mp_image_upload_failed":{"zh_CN":"\u56fe\u7247\u4e0a\u4f20\u5931\u8d25"},"mp_camera_turned_on":{"zh_CN":"\u5df2\u6253\u5f00\u6444\u50cf\u5934"},"mp_new_sync_emoticons_desc":{"en_US":"There is new data in the server. Please try the moving operation after re-visiting the message page","zh_CN":"\u670d\u52a1\u7aef\u5b58\u5728\u65b0\u6570\u636e\uff0c\u8bf7\u9000\u51fa\u91cd\u65b0\u8fdb\u5165\u6d88\u606f\u9875\u540e\uff0c\u518d\u5c1d\u8bd5\u79fb\u52a8\u64cd\u4f5c"},"mp_no_more_reminders":{"zh_CN":"\u4e0d\u518d\u63d0\u9192"},"mp_wang_wang_emoticons":{"en_US":"Wangwang emojis","zh_CN":"\u65fa\u65fa\u8868\u60c5"},"mp_dear_your_account_cannot_send":{"zh_CN":"\u4eb2\uff0c\u60a8\u7684\u8d26\u53f7\u56e0\u4e3a\u5b89\u5168\u539f\u56e0\uff0c\u6682\u65f6\u65e0\u6cd5\u53d1\u9001\u6d88\u606f"},"mp_speaker_mode":{"zh_CN":"\u626c\u58f0\u5668\u6a21\u5f0f"},"mp_audio_and_video_call_notification":{"zh_CN":"\u97f3\u89c6\u9891\u901a\u8bdd\u901a\u77e5\u5c4f\u853d"},"mp_undo_translate":{"en_US":"Cancel","zh_CN":"\u64a4\u9500\u7ffb\u8bd1"},"mp_delete_session":{"en_US":"Delete Session","zh_CN":"\u5220\u9664\u4f1a\u8bdd"},"mp_back_to_the_bottom":{"zh_CN":"\u56de\u5230\u5e95\u90e8"},"mp_dancing":{"en_US":"Dancing","zh_CN":"\u8df3\u821e"},"mp_not_enough_disk":{"en_US":"Insufficient disk space","zh_CN":"\u78c1\u76d8\u7a7a\u95f4\u4e0d\u8db3"},"mp_you_have_become_a_good":{"zh_CN":"\u4f60\u5df2\u7ecf\u548c \u6210\u4e3a\u597d\u53cb\u4e86"},"mp_delete":{"en_US":"Delete","zh_CN":"\u5220\u9664"},"mp_whether_to_continue_currently_in":{"zh_CN":"\u5f53\u524d\u5904\u4e8e\u79fb\u52a8\u6d41\u91cf\u4e2d\u662f\u5426\u7ee7\u7eed"},"mp_emoticons_not_broadcast":{"en_US":"Emojis have not been acting yet","zh_CN":"\u8868\u60c5\u8fd8\u672a\u5f00\u64ad"},"mp_selling_cute":{"zh_CN":"\u5356\u840c"},"mp_there_seems_to_be_a":{"zh_CN":"\u7f51\u7edc\u597d\u50cf\u51fa\u95ee\u9898\u4e86\uff0c\u8bf7\u68c0\u67e5\u7f51\u7edc\u8fde\u63a5\u540e\u91cd\u8bd5"},"mp_the_product_in_the_video":{"zh_CN":"\u89c6\u9891\u4e2d\u7684\u5b9d\u8d1d"},"mp_delete_message":{"en_US":"Delete Messages","zh_CN":"\u5220\u9664\u6d88\u606f"},"mp_fail_open_file":{"en_US":"Failed to open the file","zh_CN":"\u6253\u5f00\u6587\u4ef6\u5931\u8d25"},"mp_strong":{"en_US":"Strong","zh_CN":"\u5f3a"},"mp_release_loading":{"zh_CN":"\u677e\u5f00\u52a0\u8f7d"},"mp_notice_of_store_promotion":{"zh_CN":"\u5e97\u94fa\u5927\u4fc3\u6d3b\u52a8\u901a\u77e5"},"mp_to_receive_messages_in_a":{"zh_CN":"\u4e3a\u4e86\u53ca\u65f6\u63a5\u6536\u6d88\u606f\uff0c\u9700\u8981\u6253\u5f00\u901a\u77e5\u6743\u9650"},"mp_download":{"en_US":"Download","zh_CN":"\u4e0b\u8f7d"},"mp_please_go_to_settings_to":{"zh_CN":"\u8bf7\u5230\u8bbe\u7f6e\u4e2d\u5f00\u542f\u624b\u673a\u6dd8\u5b9d\u7684\u6444\u50cf\u5934\u6743\u9650"},"mp_family_number_friends_customer_service":{"zh_CN":"\u4eb2\u60c5\u53f7\u3001\u597d\u53cb\u3001\u5ba2\u670d"},"mp_try_again":{"zh_CN":"\u518d\u8bd5\u4e00\u4e0b\u54e6"},"mp_currently_wifi_is_not_connected":{"zh_CN":"\u5f53\u524d\u672a\u8fde\u63a5WiFi\uff0c\u662f\u5426\u4f7f\u7528\u6d41\u91cf\u6f2b\u6e38\u8868\u60c5\uff1f\uff08\u53ef\u5728\u804a\u5929\u8bbe\u7f6e\u5173\u95ed\u8868\u60c5\u6f2b\u6e38\u529f\u80fd\uff09"},"mp_after_closing_no_new_messages":{"zh_CN":"\u5173\u95ed\u540e\uff0c\u624b\u673a\u6dd8\u5b9d\u4e0d\u8fd0\u884c\u65f6\u5c06\u6536\u4e0d\u5230\u65b0\u6d88\u606f\u63d0\u9192"},"mp_doubt_1":{"en_US":"Suspect","zh_CN":"\u6000\u7591"},"mp_document":{"en_US":"Documents","zh_CN":"\u6587\u6863"},"mp_dull":{"en_US":"Stunned","zh_CN":"\u5446\u82e5\u6728\u9e21"},"mp_my_little_honey":{"zh_CN":"\u6211\u7684\u5c0f\u871c"},"mp_selected_s_person_1":{"zh_CN":"\u5df2\u9009\u62e9\uff1a%1$s\u4eba"},"mp_send_to_customer_service":{"en_US":"Send","zh_CN":"\u53d1\u7ed9\u5ba2\u670d"},"mp_microphone_authorization":{"en_US":"Microphone authorization","zh_CN":"\u9ea6\u514b\u98ce\u6388\u6743"},"mp_invisible_man":{"en_US":"Invisible man","zh_CN":"\u9690\u5f62\u4eba"},"mp_a_store":{"zh_CN":"\u4e2a\u5e97\u94fa"},"mp_the_other_party_is_talking_1":{"en_US":"The other person is speaking","zh_CN":"\u5bf9\u65b9\u6b63\u5728\u8bf4\u8bdd"},"mp_the_current_client_does_not":{"zh_CN":"\u5f53\u524d\u5ba2\u6237\u7aef\u4e0d\u652f\u6301\u60a8\u7684\u64cd\u4f5c\uff0c\u8bf7\u4f7f\u7528\u6dd8\u5b9d\u8bbf\u95ee"},"mp_send_email":{"en_US":"Send email","zh_CN":"\u53d1\u9001\u90ae\u4ef6"},"mp_nice":{"zh_CN":"\u597d\u770b"},"mp_hang_up":{"zh_CN":"\u6302\u65ad"},"mp_embarrassed":{"en_US":"Embarrassed","zh_CN":"\u5c34\u5c2c"},"mp_you_haven_t_heard_anything":{"en_US":"You don't have any messages yet","zh_CN":"\u60a8\u8fd8\u6ca1\u6709\u4efb\u4f55\u6d88\u606f"},"mp_want":{"zh_CN":"\u60f3\u8981"},"mp_click_here_for_quick_delivery":{"zh_CN":"\u70b9\u8fd9\u91cc, \u5feb\u6377\u53d1\u5b9d\u8d1d"},"mp_you_may_need_the_system":{"zh_CN":"\u5f53\u60a8\u4fdd\u5b58\u65f6\u53ef\u80fd\u9700\u8981\u7cfb\u7edf\u6388\u6743\u5b58\u50a8\u6743\u9650"},"mp_do_you_think_this_product":{"zh_CN":"\u4f60\u89c9\u5f97\u8fd9\u4e2a\u5546\u54c1\u53ef\u4ee5\u5417\uff1f"},"mp_creating_a_group":{"zh_CN":"\u6b63\u5728\u5efa\u7acb\u7fa4"},"mp_certified_dietitian":{"zh_CN":"\u6301\u8bc1\u8425\u517b\u5e08"},"mp_no_more_than_words":{"zh_CN":"\u4e0d\u80fd\u8d85\u8fc7\u4e09\u767e\u4e2a\u5b57\u54e6"},"mp_group_broadcast":{"zh_CN":"\u7fa4\u5e7f\u64ad"},"mp_flash_group":{"zh_CN":"\u5feb\u95ea\u7fa4"},"mp_group_chat_1":{"zh_CN":"\u7fa4\u804a"},"mp_join_this_group":{"zh_CN":"\u52a0\u5165\u672c\u7fa4"},"mp_gif_search":{"en_US":"GIF search","zh_CN":"GIF \u641c\u7d22"},"mp_safety_warning":{"en_US":"Safety warning","zh_CN":"\u5b89\u5168\u63d0\u793a"},"mp_the_text_length_cannot_exceed":{"zh_CN":"\u6587\u672c\u957f\u5ea6\u4e0d\u80fd\u8d85\u8fc7 500 \u54e6"},"mp_go_to_enable":{"zh_CN":"\u53bb\u5f00\u542f"},"mp_edit_group_announcement":{"zh_CN":"\u7f16\u8f91\u7fa4\u516c\u544a"},"mp_the_other_party_is_entering_1":{"en_US":"The other person is Typing","zh_CN":"\u5bf9\u65b9\u6b63\u5728\u8f93\u5165"},"mp_confirm_to_cancel_the_call":{"zh_CN":"\u662f\u5426\u786e\u8ba4\u53d6\u6d88\u901a\u8bdd"},"mp_onlookers":{"en_US":"Spectate","zh_CN":"\u56f4\u89c2"},"mp_voice_1":{"en_US":"[Voice]","zh_CN":"[\u8bed\u97f3]"},"mp_group_members":{"zh_CN":"\u7fa4\u6210\u5458"},"mp_more_1":{"zh_CN":"\u66f4\u591a..."},"mp_download_completed":{"en_US":"Downloaded","zh_CN":"\u4e0b\u8f7d\u5b8c\u6210"},"mp_order_reminder_message":{"zh_CN":"\u8ba2\u5355\u63d0\u9192\u6d88\u606f"},"mp_count":{"zh_CN":"\u4e2a"},"mp_my_maxcard":{"zh_CN":"\u6211\u7684\u4e8c\u7ef4\u7801\u540d\u7247"},"mp_request_parameters":{"zh_CN":"\u8bf7\u6c42\u53c2\u6570"},"mp_transaction_time_createTime":{"en_US":"Transaction time:${createTime}","zh_CN":"\u4ea4\u6613\u65f6\u95f4:${createTime}"},"mp_surprised":{"zh_CN":"\u5403\u60ca"},"mp_camera_startup_failed":{"en_US":"Camera startup failed","zh_CN":"\u6444\u50cf\u5934\u542f\u52a8\u5931\u8d25"},"mp_do_you_want_to_urge":{"en_US":"You want to expedite the shipment of this order","zh_CN":"\u4f60\u60f3\u50ac\u4fc3\u8be5\u8ba2\u5355\u53d1\u8d27"},"mp_basic_information":{"zh_CN":"\u57fa\u7840\u4fe1\u606f"},"mp_customer_service":{"zh_CN":"\u5ba2\u670d"},"mp_home_page_1":{"zh_CN":"\u4e3b\u9875"},"mp_offline_notification_for_chat_accounts":{"en_US":"Chat Account Logged Out","zh_CN":"\u804a\u5929\u8d26\u53f7\u4e0b\u7ebf\u901a\u77e5"},"mp_marketing_activities":{"zh_CN":"\u8425\u9500\u6d3b\u52a8"},"mp_add_friends":{"zh_CN":"\u6dfb\u52a0\u597d\u53cb"},"mp_qianniu_2":{"zh_CN":"\u5343\u725b3"},"mp_qianniu_3":{"zh_CN":"\u5343\u725b1"},"mp_the_good_news_is_still":{"zh_CN":"\u201c\u597d\u6d88\u606f\u8fd8\u5728\u8def\u4e0a\u201d"},"mp_qianniu_1":{"zh_CN":"\u5343\u725b2"},"mp_the_image_size_cannot_exceed":{"zh_CN":"\u56fe\u7247\u5927\u5c0f\u4e0d\u80fd\u8d85\u8fc7"},"mp_video_exporting":{"en_US":"Exporting the video. Please try again later","zh_CN":"\u89c6\u9891\u5bfc\u51fa\u4e2d\uff0c\u8bf7\u7a0d\u540e\u91cd\u8bd5"},"mp_picture_expired_desc":{"en_US":"Unavailable expired pictures","zh_CN":"\u56fe\u7247\u5df2\u7ecf\u8fc7\u671f\uff0c\u65e0\u6cd5\u67e5\u770b"},"mp_the_group_member_has_been":{"zh_CN":"\u7fa4\u6210\u5458\u5220\u9664\u6210\u529f!"},"mp_mysterious_shop":{"zh_CN":"\u795e\u79d8\u5e97\u94fa"},"mp_laughing":{"en_US":"Laughing","zh_CN":"\u5077\u7b11"},"mp_session":{"zh_CN":"\u4f1a\u8bdd"},"mp_function_panel":{"zh_CN":"\u529f\u80fd\u9762\u677f"},"mp_toast_celebration":{"en_US":"Toast","zh_CN":"\u4e3e\u676f\u5e86\u795d"},"mp_product_delivery":{"zh_CN":"\u53d1\u5546\u54c1"},"mp_animated_emoticons":{"en_US":"Animated emojis","zh_CN":"\u52a8\u753b\u8868\u60c5"},"mp_number_failed":{"zh_CN":"\u4e2a\uff0c\u5931\u8d25"},"mp_photo_permissions_close":{"en_US":"Photo access disabled","zh_CN":"\u7167\u7247\u6743\u9650\u5df2\u5173\u95ed"},"mp_file":{"en_US":"Files","zh_CN":"\u6587\u4ef6"},"mp_interactive_notification":{"zh_CN":"\u4e92\u52a8\u901a\u77e5"},"mp_loading":{"en_US":"Loading...","zh_CN":"\u6b63\u5728\u52a0\u8f7d\u4e2d..."},"mp_qianniu":{"zh_CN":"\u5343\u725b4"},"mp_scan_the_qr_code_and":{"zh_CN":"\u626b\u4e00\u626b\u4e8c\u7ef4\u7801\uff0c\u7acb\u523b\u4e86\u89e3\u66f4\u591a\uff01"},"mp_group_chat_name":{"zh_CN":"\u7fa4\u804a\u540d\u79f0"},"mp_spit":{"en_US":"Spit","zh_CN":"\u5410"},"mp_the_function_may_be_unavailable":{"zh_CN":"\u53ef\u80fd\u4f1a\u9020\u6210\u529f\u80fd\u4e0d\u53ef\u7528\uff0c\u5982\u9700\u4f7f\u7528\u8bf7\u5230\u8bbe\u7f6e\u91cc\u6388\u6743\u6743\u9650"},"mp_filtering_failed":{"zh_CN":"\u8fc7\u6ee4\u5931\u8d25"},"mp_you_liked":{"en_US":"You liked ","zh_CN":"\u4f60\u8d5e\u4e86"},"mp_cold":{"en_US":"Cold","zh_CN":"\u611f\u5192"},"mp_you_don_t_have_taobao":{"zh_CN":"\u4f60\u8fd8\u6ca1\u6709\u6dd8\u53cb\u54e6!"},"mp_ok_2":{"zh_CN":"\u786e\u5b9a(0)"},"mp_are_you_sure_you_want_2":{"zh_CN":"\u662f\u5426\u786e\u8ba4\u5c06\u597d\u53cb\u79fb\u51fa\u672c\u7fa4\uff1fta\u6240\u79ef\u7d2f\u7684\u7ea2\u5305\u4e5f\u5c06\u5728\u672c\u7fa4\u5931\u6548\u54e6!"},"mp_ok_1":{"en_US":"Confirm","zh_CN":"\u786e\u5b9a"},"mp_rendering_execution_information":{"zh_CN":"\u6e32\u67d3\u6267\u884c\u4fe1\u606f"},"mp_lonely":{"zh_CN":"\u843d\u5bde"},"mp_group_maxcard":{"zh_CN":"\u7fa4\u4e8c\u7ef4\u7801\u540d\u7247"},"mp_release_end":{"en_US":"Release end","zh_CN":"\u677e\u5f00 \u7ed3\u675f"},"mp_active_user":{"en_US":"Active users","zh_CN":"\u6d3b\u8dc3\u7528\u6237"},"mp_did_you_consult_this_product":{"zh_CN":"\u4f60\u54a8\u8be2\u7684\u8fd9\u6b3e\u5546\u54c1\uff1f"},"mp_send_s":{"en_US":"Send(%1$s)","zh_CN":"\u53d1\u9001(%1$s)"},"mp_doubt":{"en_US":"Doubt","zh_CN":"\u7591\u95ee"},"mp_it_was_unexpectedly_crowded":{"zh_CN":"\u7adf\u7136\u88ab\u6324\u7206\u4e86"},"mp_exit_a_group":{"zh_CN":"\u9000\u51fa\u7fa4\u7ec4"},"mp_are_you_sure_you_want_1":{"zh_CN":"\u786e\u5b9a\u5220\u9664\u5417\uff1f"},"mp_historical_new_messages":{"zh_CN":"\u5386\u53f2\u65b0\u6d88\u606f"},"mp_super_administrator":{"en_US":"Super administrator","zh_CN":"\u8d85\u7ea7\u7ba1\u7406\u5458"},"mp_add_favorites_successfully":{"zh_CN":"\u6dfb\u52a0\u6536\u85cf\u6210\u529f!"},"mp_message_content":{"zh_CN":"\u6d88\u606f\u5185\u5bb9"},"mp_add_attention":{"en_US":"New Updates","zh_CN":"\u65b0\u589e\u5173\u6ce8"},"mp_delete_all_messages_with_one":{"zh_CN":"\u662f\u5426\u4e00\u952e\u5220\u9664\u5168\u90e8\u6298\u53e0\u6d88\u606f"},"mp_follow":{"zh_CN":"\u5173\u6ce8"},"mp_community_group":{"zh_CN":"\u5c0f\u533a\u7fa4"},"mp_friend_request_sent":{"en_US":"Friend request sent","zh_CN":"\u597d\u53cb\u8bf7\u6c42\u5df2\u53d1\u9001"},"mp_friend_request_failed_send":{"en_US":"Friend request failed to send","zh_CN":"\u597d\u53cb\u8bf7\u6c42\u53d1\u9001\u5931\u8d25"},"mp_super_member":{"zh_CN":"\u8d85\u7ea7\u4f1a\u5458"},"mp_got_it":{"zh_CN":"\u77e5\u9053\u4e86"},"mp_send_to":{"en_US":"Send to:","zh_CN":"\u53d1\u9001\u7ed9:"},"mp_victory":{"en_US":"Victory","zh_CN":"\u80dc\u5229"},"mp_group_addition_failed":{"zh_CN":"\u52a0\u7fa4\u5931\u8d25"},"mp_add_failed":{"en_US":"Failed to add","zh_CN":"\u6dfb\u52a0\u5931\u8d25"},"mp_like_1":{"zh_CN":"\u8d5e"},"mp_crying":{"en_US":"Crying","zh_CN":"\u5927\u54ed"},"mp_boring":{"en_US":"Boring","zh_CN":"\u65e0\u804a"},"mp_emoticons_added_unsuccessfully":{"en_US":"emojis failed to be added","zh_CN":"\u4e2a\u8868\u60c5\u6dfb\u52a0\u5931\u8d25"},"mp_modify_the_note_name":{"zh_CN":"\u4fee\u6539\u5907\u6ce8\u540d"},"mp_interactive":{"en_US":"Games","zh_CN":"\u4e92\u52a8"},"mp_the_cleared_local_chat_record":{"zh_CN":"\u6e05\u7a7a\u7684\u672c\u5730\u804a\u5929\u8bb0\u5f55\u518d\u6b21\u6f2b\u6e38\u65f6\u4e0d\u4f1a\u51fa\u73b0\uff0c\u60a8\u786e\u5b9a\u8981\u6e05\u7a7a\u5417\uff1f"},"mp_robot":{"zh_CN":"\u673a\u5668\u4eba"},"mp_orders_for_which_you_want":{"en_US":"The order for which you wish to modify product information","zh_CN":"\u60a8\u5e0c\u671b\u4fee\u6539\u5546\u54c1\u4fe1\u606f\u7684\u8ba2\u5355"},"mp_ok_s":{"zh_CN":"\u786e\u5b9a(%1$s)"},"mp_sound_effects_and_notifications":{"zh_CN":"\u97f3\u6548\u4e0e\u901a\u77e5"},"mp_home_page":{"zh_CN":"\u9996\u9875"},"mp_location":{"en_US":"Location","zh_CN":"\u4f4d\u7f6e"},"mp_payable":{"zh_CN":"\u5e94\u4ed8\u6b3e"},"mp_the_notification_permission_is_disabled":{"zh_CN":"\u901a\u77e5\u6743\u9650\u5173\u95ed,\u4e0d\u80fd\u53ca\u65f6\u6536\u5230\u901a\u77e5\u6d88\u606f,\u540e\u671f\u53ef\u4ee5\u5728\u901a\u77e5\u8bbe\u7f6e\u91cc\u9762\u6253\u5f00\u6743\u9650"},"mp_like":{"en_US":"Like","zh_CN":"\u70b9\u8d5e"},"mp_canceled_successfully":{"zh_CN":"\u53d6\u6d88\u6210\u529f"},"mp_consumers_of_the_following_orders_1":{"en_US":"The following order consumer wants to modify product information","zh_CN":"\u4ee5\u4e0b\u8ba2\u5355\u6d88\u8d39\u8005\u5e0c\u671b\u4fee\u6539\u5546\u54c1\u4fe1\u606f"},"mp_wit":{"en_US":"Wit","zh_CN":"\u673a\u667a"},"mp_order_no_orderId":{"en_US":"OrderId:${orderId}","zh_CN":"\u8ba2\u5355\u53f7:${orderId}"},"mp_send_sms":{"en_US":"Send SMS","zh_CN":"\u53d1\u9001\u77ed\u4fe1"},"mp_open_with_another_app":{"en_US":"Open by other apps","zh_CN":"\u7528\u5176\u4ed6\u5e94\u7528\u6253\u5f00"},"mp_card_message":{"en_US":"Card messages","zh_CN":"\u5361\u7247\u6d88\u606f"},"mp_select_the_person_to_remind":{"zh_CN":"\u9009\u62e9\u63d0\u9192\u7684\u4eba"},"mp_create_a_new_chat":{"zh_CN":"\u521b\u5efa\u65b0\u7684\u804a\u5929"},"mp_save_to_contacts":{"en_US":"Save to contacts","zh_CN":"\u4fdd\u5b58\u5230\u901a\u8baf\u5f55"},"mp_consumers_of_the_following_order":{"en_US":"The following order consumer wants to change the delivery address","zh_CN":"\u4ee5\u4e0b\u8ba2\u5355\u6d88\u8d39\u8005\u5e0c\u671b\u4fee\u6539\u6536\u8d27\u5730\u5740"},"mp_unknown_account":{"zh_CN":"\u672a\u77e5\u8d26\u53f7"},"mp_transaction_logistics_interaction":{"zh_CN":"\u4ea4\u6613\u3001\u7269\u6d41\u3001\u4e92\u52a8"},"mp_i_m_sorry":{"zh_CN":"\u5f88\u62b1\u6b49"},"mp_gif_animation":{"en_US":"GIF pictures","zh_CN":"GIF \u52a8\u56fe"},"mp_store_service_reminder":{"zh_CN":"\u5e97\u94fa\u670d\u52a1\u63d0\u9192"},"mp_emoticons_added_before":{"en_US":"Emoji added before","zh_CN":"\u8868\u60c5\u4e4b\u524d\u5df2\u6dfb\u52a0"},"mp_only_graph_and_video_messages":{"zh_CN":"\u4ec5\u652f\u6301\u56fe\u3001\u89c6\u9891\u6d88\u606f\u4fdd\u5b58"},"mp_taoyou_request":{"zh_CN":"\u6dd8\u53cb\u8bf7\u6c42"},"mp_tab":{"en_US":"Option card","zh_CN":"\u9009\u9879\u5361"},"mp_single_choice":{"zh_CN":"\u5355\u9009"},"mp_including_order_address_verification_product":{"zh_CN":"\u5305\u62ec\u8ba2\u5355\u5730\u5740\u6838\u5bf9\u3001\u5546\u54c1\u4f7f\u7528\u8bf4\u660e\u7b49\u901a\u77e5"},"mp_please_help_me_deliver_the":{"en_US":"Please help me ship the goods as soon as possible","zh_CN":"\u8bf7\u5c3d\u5feb\u5e2e\u6211\u53d1\u8d27"},"mp_in_video_chat_tap_to":{"zh_CN":"\u89c6\u9891\u804a\u5929\u4e2d\uff0c\u8f7b\u51fb\u4ee5\u7ee7\u7eed"},"mp_order_care_message":{"zh_CN":"\u8ba2\u5355\u5173\u6000\u6d88\u606f"},"mp_group_chat":{"zh_CN":"\u4e2a\u7fa4\u804a"},"mp_need_resend_message":{"en_US":"Do you need to re-send this message?","zh_CN":"\u60a8\u9700\u8981\u91cd\u53d1\u8fd9\u6761\u6d88\u606f\u5417?"},"mp_unexpectedly_there_was_no_message":{"zh_CN":"\u7adf\u7136\u4e00\u6761\u6d88\u606f\u90fd\u6ca1\u6709"},"mp_please_select_application_to_send":{"en_US":"Please select application to send","zh_CN":"\u8bf7\u9009\u62e9\u5e94\u7528\u53d1\u9001\u90ae\u4ef6"},"mp_Friday":{"en_US":"Friday","zh_CN":"\u661f\u671f\u4e94"},"mp_customer_assistant":{"en_US":"Young","zh_CN":"\u5c0f\u4e8c"},"mp_ok_3":{"zh_CN":"\u786e\u5b9a("},"mp_click_to_view_details":{"en_US":"[Click to view details]","zh_CN":"[\u70b9\u51fb\u67e5\u770b\u8be6\u60c5]"},"mp_taobao_together_the_more_taobao":{"zh_CN":"\u4e00\u8d77\u6dd8\uff0c\u6dd8\u53cb\u8d8a\u591a\u5546\u54c1\u8d8a\u591a"},"mp_failed_to_join":{"zh_CN":"\u52a0\u5165\u5931\u8d25"},"mp_pictures_and_videos":{"zh_CN":"\u56fe\u7247\u53ca\u89c6\u9891"},"mp_view_time":{"zh_CN":"\u67e5\u770b\u65f6\u95f4"},"mp_downloaded":{"en_US":"Downloaded","zh_CN":"\u5df2\u4e0b\u8f7d"},"mp_last_time_i_saw_it":{"zh_CN":"\u4e0a\u6b21\u770b\u5230\u8fd9\u91cc"},"mp_subscription_reminder":{"zh_CN":"\u8ba2\u9605\u63d0\u9192"},"mp_no_way":{"en_US":"No way","zh_CN":"\u4e0d\u4f1a\u5427"},"mp_when_you_listen_to_voice_1":{"zh_CN":"\u5f53\u60a8\u6536\u542c\u8bed\u97f3\u6d88\u606f\u65f6\u53ef\u80fd\u9700\u8981\u7cfb\u7edf\u6388\u6743\u7535\u6e90\u9501\u4f7f\u7528\u6743\u9650"},"mp_page_load_failed":{"en_US":"Failed to load the page","zh_CN":"\u9875\u9762\u52a0\u8f7d\u5931\u8d25"},"mp_after_closing_other_users_will_1":{"zh_CN":"\u5173\u95ed\u540e\uff0c\u5176\u4ed6\u7528\u6237\u5c06\u4e0d\u80fd\u901a\u8fc7\u624b\u673a\u53f7\u641c\u7d22\u5230\u4f60\uff0c\u4f60\u4e5f\u4e0d\u4f1a\u51fa\u73b0\u5728\u5176\u4ed6\u4eba\u7684\u624b\u673a"},"mp_sorry_the_current_content_has":{"zh_CN":"\u62b1\u6b49\uff0c\u5f53\u524d\u5185\u5bb9\u5df2\u7ecf\u5931\u6548\u5566\uff0c\u770b\u770b\u522b\u7684\u5427"},"mp_pull_up_loading":{"zh_CN":"\u4e0a\u62c9\u52a0\u8f7d"},"mp_express_delivery":{"en_US":"Express delivery","zh_CN":"\u5feb\u9012\u4f20\u9001"},"mp_this_week":{"zh_CN":"\u672c\u5468"},"mp_emoticons":{"en_US":"Emojis","zh_CN":"\u8868\u60c5"},"mp_double_eleven_team":{"zh_CN":"\u53cc\u5341\u4e00\u6218\u961f"},"mp_the_product_in_the_picture":{"zh_CN":"\u56fe\u7247\u4e2d\u7684\u5b9d\u8d1d"},"mp_new_messages":{"en_US":"new messages","zh_CN":"\u6761\u65b0\u6d88\u606f"},"mp_group_super_administrator":{"zh_CN":"\u7fa4\u7ec4\u8d85\u7ea7\u7ba1\u7406\u5458"},"mp_taoyou":{"zh_CN":"\u6dd8\u53cb"},"mp_warm_tips":{"zh_CN":"\u6e29\u99a8\u63d0\u793a"},"mp_friends_who_have_shared_products":{"zh_CN":"\u4e0e\u4f60\u5206\u4eab\u8fc7\u5b9d\u8d1d\u3001\u5e97\u94fa\u6216\u6d3b\u52a8\\n\u7684\u5c0f\u4f19\u4f34\u4f1a\u6210\u4e3a\u60a8\u7684\u6dd8\u53cb"},"mp_client_information":{"zh_CN":"\u5ba2\u6237\u7aef\u4fe1\u606f"},"mp_currently_you_have":{"zh_CN":"\u76ee\u524d\u60a8\u5171\u6709"},"mp_active_member":{"zh_CN":"\u6d3b\u8dc3\u6210\u5458"},"mp_the_line_is_busy":{"zh_CN":"\u7ebf\u8def\u6b63\u5fd9"},"mp_video_type_saved_failed":{"en_US":"This video type cannot be saved to the system album yet","zh_CN":"\u8be5\u89c6\u9891\u7c7b\u578b\u6682\u4e0d\u652f\u6301\u4fdd\u5b58\u5230\u7cfb\u7edf\u76f8\u518c"},"mp_the_session_has_been_moved":{"zh_CN":"\u4f1a\u8bdd\u5df2\u7ecf\u4ece\u52a9\u624b\u4e2d\u79fb\u52a8\u5230\u6d88\u606f\u9996\u9875"},"mp_dear_you_can_t_give":{"zh_CN":"\u4eb2,\u4e0d\u5728\u7fa4\u91cc\u4e0d\u80fd\u70b9\u8d5e\u54e6~"},"mp_chat_messages":{"zh_CN":"\u804a\u5929\u6d88\u606f"},"mp_emoticons_reached_limit":{"en_US":"Failed to add due to the upper limit","zh_CN":"\u8868\u60c5\u8fbe\u5230\u4e0a\u9650\uff0c\u6dfb\u52a0\u5931\u8d25"},"mp_image_download_failed_desc":{"en_US":"Image download failed, please try again","zh_CN":"\u56fe\u7247\u4e0b\u8f7d\u5931\u8d25\uff0c\u8bf7\u91cd\u8bd5"},"mp_busy":{"zh_CN":"\u5fd9"},"mp_family_account":{"zh_CN":"\u4eb2\u60c5\u8d26\u53f7"},"mp_sleepy":{"en_US":"Sleepy","zh_CN":"\u56f0\u4e86"},"mp_the_front_is_crowded_please":{"zh_CN":"\u524d\u65b9\u62e5\u6324\uff0c\u4eb2\u7a0d\u7b49\u518d\u8bd5\u8bd5~"},"mp_selected_s_person_s_group":{"zh_CN":"\u5df2\u9009\u62e9:%1$s\u4eba\uff0c%2$s\u7fa4\u7ec4"},"mp_enter_the_store":{"zh_CN":"\u8fdb\u5e97"},"mp_send":{"en_US":"Send","zh_CN":"\u53d1\u9001"},"mp_image_not_support_goods_search":{"en_US":"This image does not support goods search","zh_CN":"\u8be5\u56fe\u7247\u4e0d\u652f\u6301\u641c\u7d22\u5546\u54c1"},"mp_no_platform_notice":{"en_US":"You have not received any notifications yet","zh_CN":"\u4f60\u6682\u65f6\u6ca1\u6709\u6536\u5230\u4efb\u4f55\u901a\u77e5"},"mp_the_group_i_joined":{"zh_CN":"\u6211\u52a0\u5165\u7684\u7fa4"},"mp_the_collection_has_been_canceled":{"zh_CN":"\u53d6\u6d88\u6536\u85cf\u6210\u529f!"},"mp_recall":{"en_US":"Withdraw","zh_CN":"\u64a4\u56de"},"mp_editable_only_by_group_owners_1":{"zh_CN":"\u4ec5\u7fa4\u4e3b\u548c\u7ba1\u7406\u5458\u53ef\u7f16\u8f91"},"mp_sent":{"en_US":"Sent","zh_CN":"\u5df2\u53d1\u9001"},"mp_business_card_2":{"en_US":"[Business card]","zh_CN":"[\u540d\u7247]"},"mp_request_result":{"zh_CN":"\u8bf7\u6c42\u7ed3\u679c"},"mp_recording_will_stop":{"en_US":"recording will stop after","zh_CN":"\u540e\u5c06\u505c\u6b62\u5f55\u5236"},"mp_thinking":{"en_US":"[Thinking]","zh_CN":"[\u601d\u8003\u4e2d]"},"mp_insufficient_storage":{"en_US":"Failed to send due to insufficient storage space","zh_CN":"\u672a\u80fd\u5b8c\u6210\u53d1\u9001,\u672c\u5730\u5b58\u50a8\u7a7a\u95f4\u4e0d\u8db3"},"mp_delete_a_shopping_guide_and":{"zh_CN":"\u5220\u9664\u5bfc\u8d2d\uff0c\u540c\u65f6\u5c06\u5220\u9664\u4e0e\u8be5\u5bfc\u8d2d\u7684\u804a\u5929\u8bb0\u5f55\u3002"},"mp_currently_sending_is_not_supported":{"zh_CN":"\u6682\u4e0d\u652f\u6301\u53d1\u9001"},"mp_closed":{"zh_CN":"\u5df2\u5173\u95ed"},"mp_the_current_result_is_empty":{"zh_CN":"\u5f53\u524d\u7ed3\u679c\u4e3a\u7a7a"},"mp_choose_baby":{"zh_CN":"\u9009\u62e9\u5b9d\u8d1d"},"mp_being_a_taobao_friend_with":{"zh_CN":"\u548cTA\u505a\u6dd8\u53cb\uff0c\u4e0d\u4f1a\u6cc4\u9732\u4f60\u7684\u8d2d\u4e70\u8bb0\u5f55"},"mp_delete_this_message":{"en_US":"Delete this message?","zh_CN":"\u662f\u5426\u5220\u9664\u8be5\u6761\u6d88\u606f\uff1f"},"mp_heartbreak":{"en_US":"Heartbreak","zh_CN":"\u5fc3\u788e"},"mp_for_taoyou":{"zh_CN":"\u4e3a\u6dd8\u53cb"},"mp_little_black_group":{"zh_CN":"\u5c0f\u9ed1\u7fa4"},"mp_hush":{"en_US":"Hush","zh_CN":"\u5618"},"mp_group_announcement":{"zh_CN":"\u7fa4\u516c\u544a"},"mp_unread_reminder_will_be_weakened":{"zh_CN":"\u672a\u8bfb\uff0c\u63d0\u9192\u5c06\u5f31\u5316"},"mp_when_you_select_an_image":{"zh_CN":"\u5f53\u60a8\u9009\u56fe\u7247\u65f6\u9700\u8981\u7cfb\u7edf\u6388\u6743\u5b58\u50a8\u8bbf\u95ee\u6743\u9650"},"mp_link":{"en_US":"[Link]","zh_CN":"[\u94fe\u63a5]"},"mp_inviting_you_for_voice_chat":{"zh_CN":"\u6b63\u5728\u9080\u8bf7\u4f60\u8bed\u97f3\u804a\u5929"},"mp_too_long_to_talk":{"zh_CN":"\u8bf4\u8bdd\u65f6\u95f4\u592a\u957f"},"mp_mobile_and_pc_side_expressions":{"zh_CN":"\u79fb\u52a8\u548cPC\u7aef\u8868\u60c5\u5c06\u4fdd\u6301\u540c\u6b65\u3001\u66f4\u6362\u8bbe\u5907\u540e\u8868\u60c5\u4e5f\u5c06\u6f2b\u6e38\u3002\u8868\u60c5\u5c06\u5728WiFi\u4e0b\u81ea\u52a8\u6f2b\u6e38\uff0c\u4f60\u53ef\u5728\u804a\u5929\u8bbe\u7f6e\u4e2d\u53d6\u6d88\u81ea\u52a8\u6f2b\u6e38\u3002"},"mp_thumbs_up":{"en_US":"Likes","zh_CN":"\u70b9\u8d5e\u6536\u85cf"},"mp_leave_message":{"en_US":"Message","zh_CN":"\u7559\u8a00"},"mp_received_a_message_without_rating":{"zh_CN":"\u6536\u5230\u4e00\u6761\u6ca1\u6709\u8bc4\u5206\u7684\u6d88\u606f|"},"mp_expectation":{"en_US":"Anticipate","zh_CN":"\u671f\u5f85"},"mp_draft":{"en_US":"[Draft]","zh_CN":"[\u8349\u7a3f]"},"mp_files_above_mb":{"zh_CN":"MB\u4ee5\u4e0a\u7684\u6587\u4ef6"},"mp_convert_text":{"en_US":"Convert text","zh_CN":"\u8f6c\u6587\u672c"},"mp_merge_forwarding":{"zh_CN":"\u5408\u5e76\u8f6c\u53d1"},"mp_single_pick":{"en_US":"Solo","zh_CN":"\u5355\u6311"},"mp_have_look":{"en_US":"Go and check it out","zh_CN":"\u5feb\u53bb\u770b\u770b\u5427\uff5e"},"mp_certified_optometrist":{"zh_CN":"\u6301\u8bc1\u9a8c\u5149\u5e08"},"mp_no_response_from_the_other":{"zh_CN":"\u5bf9\u65b9\u65e0\u5e94\u7b54"},"mp_image":{"en_US":"Image","zh_CN":"\u56fe\u7247"},"mp_deal":{"en_US":"Deal","zh_CN":"\u6210\u4ea4"},"mp_continue_saving":{"zh_CN":"\u7ee7\u7eed\u4fdd\u5b58"},"mp_group_information_is_empty_return":{"zh_CN":"\u7fa4\u4fe1\u606f\u4e3a\u7a7a\uff0c\u8fd4\u56de"},"mp_cancel":{"en_US":"Cancel","zh_CN":"\u53d6\u6d88"},"mp_whether_to_remove_the_group":{"zh_CN":"\u662f\u5426\u5c06\u7fa4\u79fb\u51fa\u6298\u53e0\u7684\u7fa4\u804a"},"mp_dear_you_can_t_add":{"zh_CN":"\u4eb2,\u81ea\u5df1\u4e0d\u80fd\u6dfb\u52a0\u81ea\u5df1\u4e3a\u597d\u53cb\u54e6~"},"mp_halo":{"en_US":"Halo","zh_CN":"\u6655"},"mp_message_read_skip_rating":{"zh_CN":"\u6d88\u606f\u5df2\u8bfb\uff0c\u8df3\u8fc7\u8bc4\u5206"},"mp_the_product_has_not_been":{"zh_CN":"\u672a\u67e5\u627e\u5230\u5b9d\u8d1d\uff0c\u53ef\u80fd\u5df2\u4e0b\u67b6\u6216\u8005\u88ab\u8f6c\u79fb"},"mp_individual":{"zh_CN":"\u4e2a\u4eba"},"mp_add_me_as_a_taobao":{"zh_CN":"\u52a0\u6211\u4e3a\u6dd8\u53cb\u5427\uff0c\u4ee5\u540e\u6211\u4eec\u53ef\u4ee5\u76f4\u63a5\u5728\u624b\u673a\u6dd8\u5b9d\u91cc\u5206\u4eab\u6216\u4ea4\u6d41\u5b9d\u8d1d\uff0c\u5f88\u65b9\u4fbf\uff01\u76f4\u63a5\u6233"},"mp_re_edit":{"en_US":"Re-edit","zh_CN":"\u91cd\u65b0\u7f16\u8f91"},"mp_all_sent_by_users_have":{"zh_CN":"\u5df2\u6062\u590d\u8be5\u7c7b\u578b\u6d88\u606f\u63d0\u9192"},"mp_download_failed":{"en_US":"Failed to download. Please try again later","zh_CN":"\u4e0b\u8f7d\u5931\u8d25\uff0c\u8bf7\u7a0d\u540e\u518d\u8bd5"},"mp_receipt":{"en_US":"Receipt","zh_CN":"\u6536\u4ef6"},"mp_new_taoyou":{"zh_CN":"\u65b0\u7684\u6dd8\u53cb"},"mp_check_sim_card":{"en_US":"Please check if there is a SIM card","zh_CN":"\u8bf7\u68c0\u67e5\u6709\u65e0 SIM \u5361"},"mp_request_emoticons_failed":{"en_US":"Failed to acquire emojis","zh_CN":"\u8868\u60c5\u83b7\u53d6\u5931\u8d25"},"mp_item":{"zh_CN":"\u4ef6\u5546\u54c1"},"mp_automatic_expression_roaming_enabled":{"zh_CN":"\u5df2\u5f00\u542f\u8868\u60c5\u81ea\u52a8\u6f2b\u6e38"},"mp_accepted":{"en_US":"Accepted ","zh_CN":"\u63a5\u53d7\u4e86"},"mp_select_a_chat":{"en_US":"Choose a chat","zh_CN":"\u9009\u62e9\u4e00\u4e2a\u804a\u5929"},"mp_group_avatar_update_failed":{"zh_CN":"\u7fa4\u5934\u50cf\u66f4\u65b0\u5931\u8d25"},"mp_the_current_merchant_has_a":{"zh_CN":"\u5f53\u524d\u5546\u5bb6\u6d88\u606f\u8f83\u591a\uff0c\u4e3a\u4e86\u9632\u6b62\u60a8\u88ab\u6253\u6270\uff0c\u60a8\u53ef\u4ee5\u524d\u5f80\u8bbe\u7f6e\u5f00\u542f\u514d\u6253\u6270>>"},"mp_map_loading_failure_information":{"en_US":"Prompt message of map loading failure","zh_CN":"\u5730\u56fe\u52a0\u8f7d\u5931\u8d25\u63d0\u793a\u6587\u6848\u4fe1\u606f"},"mp_add_emoticons":{"en_US":"Add emojis","zh_CN":"\u6dfb\u52a0\u8868\u60c5"},"mp_yyyy_mm_month_dd_day":{"zh_CN":"yyyy\u5e74MM\u6708dd\u65e5"},"mp_like_it":{"en_US":"like","zh_CN":"\u559c\u6b22"},"mp_goods":{"en_US":"Items","zh_CN":"\u5b9d\u8d1d"},"mp_emoticons_operation_desc":{"en_US":"Long press emojis to preview or change orders","zh_CN":"\u957f\u6309\u8868\u60c5\u53ef\u9884\u89c8\u8868\u60c5\u3001\u8c03\u6574\u987a\u5e8f"},"mp_image_large":{"en_US":"The image is too large ","zh_CN":"\u56fe\u7247\u592a\u5927"},"mp_does_this_type_of_message":{"zh_CN":"\u4e0d\u518d\u51fa\u73b0\u8be5\u7c7b\u6d88\u606f\uff1f"},"mp_all_read":{"zh_CN":"\u5168\u90e8\u5df2\u8bfb"},"mp_the_mobile_taobao_message_notification":{"zh_CN":"\u7cfb\u7edf\u4e2d\u7684\u624b\u6dd8\u6d88\u606f\u901a\u77e5\u8bbe\u7f6e\u5df2\u5173\u95ed\uff0c\u524d\u5f80\u6253\u5f00\uff1f"},"mp_search_for_me_by_member":{"zh_CN":"\u901a\u8fc7\u4f1a\u5458\u540d\u641c\u7d22\u5230\u6211"},"mp_shooting":{"en_US":"Camera","zh_CN":"\u62cd\u6444"},"mp_confirm_to_end_the_call":{"zh_CN":"\u662f\u5426\u786e\u8ba4\u7ed3\u675f\u901a\u8bdd"},"mp_report_an_error":{"en_US":"report error","zh_CN":"\u4e0a\u62a5\u62a5\u9519"},"mp_screenshot":{"zh_CN":"\u622a\u5c4f"},"mp_authorized":{"zh_CN":"\u5df2\u7ecf\u6388\u6743"},"mp_emoticons_sync_failed_desc":{"en_US":"Automatically synchronize the latest data on the server. The local move operation fails. Please try the move operation again.","zh_CN":"\u81ea\u52a8\u540c\u6b65\u670d\u52a1\u7aef\u6700\u65b0\u6570\u636e\uff0c\u672c\u5730\u79fb\u52a8\u64cd\u4f5c\u5931\u6548\uff0c\u8bf7\u91cd\u65b0\u5c1d\u8bd5\u79fb\u52a8\u64cd\u4f5c"},"mp_video_expired":{"en_US":"Unavailable expired video","zh_CN":"\u89c6\u9891\u5df2\u7ecf\u8fc7\u671f\uff0c\u65e0\u6cd5\u67e5\u770b"},"mp_guess_your_favorite_account":{"zh_CN":"\u731c\u4f60\u559c\u6b22\u7684\u8d26\u53f7"},"mp_god_of_wealth":{"en_US":"God of Wealth","zh_CN":"\u8d22\u795e"},"mp_virtual_group":{"zh_CN":"\u865a\u62df\u7fa4\u00b7"},"mp_picture":{"en_US":"[Pictures]","zh_CN":"[\u56fe\u7247]"},"mp_many_stores_have_the_same":{"zh_CN":"\u591a\u5bb6\u5e97\u94fa\u6709\u540c\u6b3e\u4e14\u5ba2\u670d\u5728\u7ebf\uff0c\u53bb\u770b\u770b\u5427>"},"mp_the_activity_is_too_hot":{"zh_CN":"\u6d3b\u52a8\u592a\u706b\u7206\u4e86\uff0c\u8bf7\u7a0d\u5019\u518d\u8bd5\u3002"},"mp_message_receiving":{"en_US":"Receiving","zh_CN":"\u63a5\u6536\u4e2d"},"mp_file_1":{"en_US":"[File]","zh_CN":"[\u6587\u4ef6]"}}