[{"layoutId":"319002","layoutStyle":"bubble","nameSpace":"tbmessage","updateTime":"1697525614738","env":"pub","templateId":"319002","renderAttrs":"","type":"UnitComponent"},{"layoutId":"377001","layoutStyle":"card","nameSpace":"tbmessage","updateTime":"1715825287937","env":"pub","templateId":"377001","renderAttrs":"","type":"UnitComponent"},{"layoutId":"389002","layoutStyle":"card","nameSpace":"tbmessage","updateTime":"1720503514434","env":"pub","templateId":"389002","renderAttrs":"","type":"UnitComponent"},{"layoutId":"7001","layoutStyle":"card","nameSpace":"tbmessage","updateTime":"1536040002089","env":"pub","templateId":"4","renderAttrs":"","type":"UnitComponent"},{"layoutId":"5001","layoutStyle":"card","nameSpace":"tbmessage","updateTime":"1536040002142","env":"pub","templateId":"3","renderAttrs":"","type":"UnitComponent"},{"layoutId":"8003","layoutStyle":"card","nameSpace":"tbmessage","updateTime":"1536040002161","env":"pub","templateId":"6","renderAttrs":"","type":"UnitComponent"},{"layoutId":"3001","layoutStyle":"card","nameSpace":"tbmessage","updateTime":"1536040002178","env":"pub","templateId":"2","renderAttrs":"","type":"UnitComponent"},{"layoutId":"7002","layoutStyle":"card","nameSpace":"tbmessage","updateTime":"1536040002214","env":"pub","templateId":"7","renderAttrs":"","type":"UnitComponent"},{"layoutId":"8004","layoutStyle":"card","nameSpace":"tbmessage","updateTime":"1536040002232","env":"pub","templateId":"20","renderAttrs":"","type":"UnitComponent"},{"layoutId":"10001","layoutStyle":"card","nameSpace":"tbmessage","updateTime":"1536040002253","env":"pub","templateId":"21","renderAttrs":"","type":"UnitComponent"},{"layoutId":"-1","layoutStyle":"card","nameSpace":"tbmessage","updateTime":"1536040002273","env":"pub","templateId":"10001","renderAttrs":"","type":"UnitComponent"},{"layoutId":"-1","layoutStyle":"card","nameSpace":"tbmessage","updateTime":"1536040002318","env":"pub","templateId":"10002","renderAttrs":"","type":"UnitComponent"},{"layoutId":"6001","layoutStyle":"card","nameSpace":"tbmessage","updateTime":"1536040002545","env":"pub","templateId":"67","renderAttrs":"","type":"UnitComponent"},{"layoutId":"11002","layoutStyle":"card","nameSpace":"tbmessage","updateTime":"1536040002563","env":"pub","templateId":"65","renderAttrs":"","type":"UnitComponent"},{"layoutId":"12001","layoutStyle":"card","nameSpace":"tbmessage","updateTime":"1536040002580","env":"pub","templateId":"64","renderAttrs":"","type":"UnitComponent"},{"layoutId":"10003","layoutStyle":"card","nameSpace":"tbmessage","updateTime":"1536040002838","env":"pub","templateId":"33","renderAttrs":"","type":"UnitComponent"},{"layoutId":"21012","layoutStyle":"card","nameSpace":"tbmessage","updateTime":"1536040003129","env":"pub","templateId":"21012","renderAttrs":"","type":"UnitComponent"},{"layoutId":"20001","layoutStyle":"card","nameSpace":"tbmessage","updateTime":"1536040003150","env":"pub","templateId":"20001","renderAttrs":"","type":"UnitComponent"},{"layoutId":"23049","layoutStyle":"bubble","nameSpace":"tbmessage","updateTime":"1536040003583","env":"pub","templateId":"140","renderAttrs":"","type":"UnitComponent"},{"layoutId":"23049","layoutStyle":"bubble","nameSpace":"tbmessage","updateTime":"1536040003643","env":"pub","templateId":"112","renderAttrs":"","type":"UnitComponent"},{"layoutId":"23046","layoutStyle":"bubble","nameSpace":"tbmessage","updateTime":"1536040003673","env":"pub","templateId":"111","renderAttrs":"","type":"UnitComponent"},{"layoutId":"24027","layoutStyle":"bubble","nameSpace":"tbmessage","updateTime":"1536040003692","env":"pub","templateId":"104","renderAttrs":"","type":"UnitComponent"},{"layoutId":"30034","layoutStyle":"bubble","nameSpace":"tbmessage","updateTime":"1536040003711","env":"pub","templateId":"103","renderAttrs":"","type":"UnitComponent"},{"layoutId":"24028","layoutStyle":"bubble","nameSpace":"tbmessage","updateTime":"1536040003748","env":"pub","templateId":"105","renderAttrs":"","type":"UnitComponent"},{"layoutId":"23048","layoutStyle":"bubble","nameSpace":"tbmessage","updateTime":"1536040003787","env":"pub","templateId":"113","renderAttrs":"","type":"UnitComponent"},{"layoutId":"24031","layoutStyle":"bubble","nameSpace":"tbmessage","updateTime":"1536040003806","env":"pub","templateId":"121","renderAttrs":"","type":"UnitComponent"},{"layoutId":"24029","layoutStyle":"bubble","nameSpace":"tbmessage","updateTime":"1536040004050","env":"pub","templateId":"109","renderAttrs":"","type":"UnitComponent"},{"layoutId":"24033","layoutStyle":"bubble","nameSpace":"tbmessage","updateTime":"1536040004085","env":"pub","templateId":"139","renderAttrs":"","type":"UnitComponent"},{"layoutId":"24033","layoutStyle":"bubble","nameSpace":"tbmessage","updateTime":"1536040004104","env":"pub","templateId":"138","renderAttrs":"","type":"UnitComponent"},{"layoutId":"24033","layoutStyle":"bubble","nameSpace":"tbmessage","updateTime":"1536040004121","env":"pub","templateId":"137","renderAttrs":"","type":"UnitComponent"},{"layoutId":"23047","layoutStyle":"bubble","nameSpace":"tbmessage","updateTime":"1536040004141","env":"pub","templateId":"120","renderAttrs":"","type":"UnitComponent"},{"layoutId":"30088","layoutStyle":"bubble","nameSpace":"tbmessage","updateTime":"1536040004159","env":"pub","templateId":"115","renderAttrs":"","type":"UnitComponent"},{"layoutId":"37116","layoutStyle":"card","nameSpace":"tbmessage","updateTime":"1536040004175","env":"pub","templateId":"18","renderAttrs":"","type":"UnitComponent"},{"layoutId":"37118","layoutStyle":"card","nameSpace":"tbmessage","updateTime":"1536040004219","env":"pub","templateId":"22","renderAttrs":"","type":"UnitComponent"},{"layoutId":"38128","layoutStyle":"card","nameSpace":"tbmessage","updateTime":"1536040004251","env":"pub","templateId":"24","renderAttrs":"","type":"UnitComponent"},{"layoutId":"37120","layoutStyle":"card","nameSpace":"tbmessage","updateTime":"1536040004970","env":"pub","templateId":"25","renderAttrs":"","type":"UnitComponent"},{"layoutId":"37121","layoutStyle":"card","nameSpace":"tbmessage","updateTime":"1536040004989","env":"pub","templateId":"26","renderAttrs":"","type":"UnitComponent"},{"layoutId":"38129","layoutStyle":"card","nameSpace":"tbmessage","updateTime":"1536040005005","env":"pub","templateId":"27","renderAttrs":"","type":"UnitComponent"},{"layoutId":"38130","layoutStyle":"card","nameSpace":"tbmessage","updateTime":"1536040005024","env":"pub","templateId":"28","renderAttrs":"","type":"UnitComponent"},{"layoutId":"37122","layoutStyle":"card","nameSpace":"tbmessage","updateTime":"1536040005249","env":"pub","templateId":"63","renderAttrs":"","type":"UnitComponent"},{"layoutId":"38131","layoutStyle":"card","nameSpace":"tbmessage","updateTime":"1536040005268","env":"pub","templateId":"10004","renderAttrs":"","type":"UnitComponent"},{"layoutId":"38132","layoutStyle":"card","nameSpace":"tbmessage","updateTime":"1536040005500","env":"pub","templateId":"10005","renderAttrs":"","type":"UnitComponent"},{"layoutId":"38133","layoutStyle":"card","nameSpace":"tbmessage","updateTime":"1536040005517","env":"pub","templateId":"10006","renderAttrs":"","type":"UnitComponent"},{"layoutId":"37123","layoutStyle":"card","nameSpace":"tbmessage","updateTime":"1536040005539","env":"pub","templateId":"10007","renderAttrs":"","type":"UnitComponent"},{"layoutId":"37124","layoutStyle":"card","nameSpace":"tbmessage","updateTime":"1536040005556","env":"pub","templateId":"10008","renderAttrs":"","type":"UnitComponent"},{"layoutId":"38134","layoutStyle":"card","nameSpace":"tbmessage","updateTime":"1536040005594","env":"pub","templateId":"10010","renderAttrs":"","type":"UnitComponent"},{"layoutId":"38135","layoutStyle":"card","nameSpace":"tbmessage","updateTime":"1536040005611","env":"pub","templateId":"10011","renderAttrs":"","type":"UnitComponent"},{"layoutId":"38136","layoutStyle":"card","nameSpace":"tbmessage","updateTime":"1536040005628","env":"pub","templateId":"10012","renderAttrs":"","type":"UnitComponent"},{"layoutId":"38138","layoutStyle":"card","nameSpace":"tbmessage","updateTime":"1536040005676","env":"pub","templateId":"12002","renderAttrs":"","type":"UnitComponent"},{"layoutId":"13001","layoutStyle":"card","nameSpace":"tbmessage","updateTime":"1536040005708","env":"pub","templateId":"66","renderAttrs":"","type":"UnitComponent"},{"layoutId":"41003","layoutStyle":"bubble","nameSpace":"tbmessage","updateTime":"1536287496553","env":"pub","templateId":"41003","renderAttrs":"","type":"UnitComponent"},{"layoutId":"40002","layoutStyle":"bubble","nameSpace":"tbmessage","updateTime":"1536287496792","env":"pub","templateId":"40002","renderAttrs":"","type":"UnitComponent"},{"layoutId":"40001","layoutStyle":"bubble","nameSpace":"tbmessage","updateTime":"1536287496824","env":"pub","templateId":"40001","renderAttrs":"","type":"UnitComponent"},{"layoutId":"40001","layoutStyle":"bubble","nameSpace":"tbmessage","updateTime":"1536287496824","env":"pub","templateId":"40001","renderAttrs":"","type":"UnitComponent"},{"layoutId":"41002","layoutStyle":"bubble","nameSpace":"tbmessage","updateTime":"1536287496888","env":"pub","templateId":"41002","renderAttrs":"","type":"UnitComponent"},{"layoutId":"21012","layoutStyle":"card","nameSpace":"tbmessage","updateTime":"1536295400999","env":"pub","templateId":"10003","renderAttrs":"","type":"UnitComponent"},{"layoutId":"6001","layoutStyle":"bubble","nameSpace":"tbmessage","updateTime":"1536295606761","env":"pub","templateId":"1","renderAttrs":"","type":"UnitComponent"},{"layoutId":"43001","layoutStyle":"card","nameSpace":"tbmessage","updateTime":"1539934422612","env":"pub","templateId":"10013","renderAttrs":"","type":"UnitComponent"},{"layoutId":"7003","layoutStyle":"card","nameSpace":"tbmessage","updateTime":"1540985444286","env":"pub","templateId":"12","renderAttrs":"","type":"UnitComponent"},{"layoutId":"8001","layoutStyle":"card","nameSpace":"tbmessage","updateTime":"1540986892270","env":"pub","templateId":"5","renderAttrs":"","type":"UnitComponent"},{"layoutId":"42002","layoutStyle":"card","nameSpace":"tbmessage","updateTime":"1540987932319","env":"pub","templateId":"10009","renderAttrs":"","type":"UnitComponent"},{"layoutId":"44006","layoutStyle":"bubble","nameSpace":"tbmessage","updateTime":"1541410159332","env":"pub","templateId":"44006","renderAttrs":"","type":"UnitComponent"},{"layoutId":"45002","layoutStyle":"bubble","nameSpace":"tbmessage","updateTime":"1541410312465","env":"pub","templateId":"45002","renderAttrs":"","type":"UnitComponent"},{"layoutId":"29034","layoutStyle":"bubble","nameSpace":"tbmessage","updateTime":"1542275570670","env":"pub","templateId":"3000","renderAttrs":"","type":"UnitComponent"},{"layoutId":"23","layoutStyle":"card","nameSpace":"tbmessage","updateTime":"1546516561231","env":"pub","templateId":"23","renderAttrs":"","type":"UnitComponent"},{"layoutId":"63001","layoutStyle":"bubble","nameSpace":"tbmessage","updateTime":"1569474454222","env":"pub","templateId":"63001","renderAttrs":"","type":"UnitComponent"},{"layoutId":"62001","layoutStyle":"bubble","nameSpace":"tbmessage","updateTime":"1569474464639","env":"pub","templateId":"62001","renderAttrs":"","type":"UnitComponent"},{"layoutId":"58001","layoutStyle":"bubble","nameSpace":"tbmessage","updateTime":"1569474958033","env":"pub","templateId":"58001","renderAttrs":"","type":"UnitComponent"},{"layoutId":"66001","layoutStyle":"bubble","nameSpace":"tbmessage","updateTime":"1569484602177","env":"pub","templateId":"66001","renderAttrs":"","type":"UnitComponent"},{"layoutId":"56001","layoutStyle":"card","nameSpace":"tbmessage","updateTime":"1569510804301","env":"pub","templateId":"56001","renderAttrs":"{\"weexJs\":\"https://market.m.taobao.com/app/msgCardDinamicx/message_card/pages/hudong_like?wh_ttid=native\"}","type":"UnitComponent"},{"layoutId":"10002","layoutStyle":"card","nameSpace":"tbmessage","updateTime":"1569560039320","env":"pub","templateId":"32","renderAttrs":"","type":"UnitComponent"},{"layoutId":"41001","layoutStyle":"bubble","nameSpace":"tbmessage","updateTime":"1569569461102","env":"pub","templateId":"41001","renderAttrs":"","type":"UnitComponent"},{"layoutId":"44002","layoutStyle":"bubble","nameSpace":"tbmessage","updateTime":"1569569484847","env":"pub","templateId":"44002","renderAttrs":"","type":"UnitComponent"},{"layoutId":"44001","layoutStyle":"bubble","nameSpace":"tbmessage","updateTime":"1569569499851","env":"pub","templateId":"44001","renderAttrs":"","type":"UnitComponent"},{"layoutId":"57002","layoutStyle":"bubble","nameSpace":"tbmessage","updateTime":"1569569586129","env":"pub","templateId":"57002","renderAttrs":"","type":"UnitComponent"},{"layoutId":"67001","layoutStyle":"card","nameSpace":"tbmessage","updateTime":"1569569600864","env":"pub","templateId":"67001","renderAttrs":"","type":"UnitComponent"},{"layoutId":"42001","layoutStyle":"bubble","nameSpace":"tbmessage","updateTime":"1569569621039","env":"pub","templateId":"42001","renderAttrs":"","type":"UnitComponent"},{"layoutId":"39002","layoutStyle":"bubble","nameSpace":"tbmessage","updateTime":"1569569674612","env":"pub","templateId":"39002","renderAttrs":"","type":"UnitComponent"},{"layoutId":"54001","layoutStyle":"bubble","nameSpace":"tbmessage","updateTime":"1569574008118","env":"pub","templateId":"54001","renderAttrs":"","type":"UnitComponent"},{"layoutId":"47001","layoutStyle":"bubble","nameSpace":"tbmessage","updateTime":"1569584288677","env":"pub","templateId":"2999","renderAttrs":"","type":"UnitComponent"},{"layoutId":"55001","layoutStyle":"bubble","nameSpace":"tbmessage","updateTime":"1569584321469","env":"pub","templateId":"55001","renderAttrs":"{\"weexJs\":\"https://market.m.taobao.com/app/msgCardDinamicx/message_card/pages/hudong_reply?wh_ttid=native\"}","type":"UnitComponent"},{"layoutId":"24032","layoutStyle":"bubble","nameSpace":"tbmessage","updateTime":"1569584383059","env":"pub","templateId":"110","renderAttrs":"","type":"UnitComponent"},{"layoutId":"23043","layoutStyle":"bubble","nameSpace":"tbmessage","updateTime":"1569584421918","env":"pub","templateId":"102","renderAttrs":"","type":"UnitComponent"},{"layoutId":"24033","layoutStyle":"bubble","nameSpace":"tbmessage","updateTime":"1569584435787","env":"pub","templateId":"215","renderAttrs":"","type":"UnitComponent"},{"layoutId":"23045","layoutStyle":"bubble","nameSpace":"tbmessage","updateTime":"1569584453242","env":"pub","templateId":"108","renderAttrs":"","type":"UnitComponent"},{"layoutId":"37127","layoutStyle":"card","nameSpace":"tbmessage","updateTime":"1569584466773","env":"pub","templateId":"141","renderAttrs":"","type":"UnitComponent"},{"layoutId":"29034","layoutStyle":"bubble","nameSpace":"tbmessage","updateTime":"1569584738501","env":"pub","templateId":"114","renderAttrs":"","type":"UnitComponent"},{"layoutId":"57001","layoutStyle":"bubble","nameSpace":"tbmessage","updateTime":"1569588516468","env":"pub","templateId":"57001","renderAttrs":"","type":"UnitComponent"},{"layoutId":"59001","layoutStyle":"bubble","nameSpace":"tbmessage","updateTime":"1570719769041","env":"pub","templateId":"59001","renderAttrs":"","type":"UnitComponent"},{"layoutId":"11001","layoutStyle":"card","nameSpace":"tbmessage","updateTime":"1570787893882","env":"pub","templateId":"31","renderAttrs":"","type":"UnitComponent"},{"layoutId":"71004","layoutStyle":"card","nameSpace":"tbmessage","updateTime":"1571757462981","env":"pre","templateId":"71004","renderAttrs":"","type":"UnitComponent"},{"layoutId":"72005","layoutStyle":"card","nameSpace":"tbmessage","updateTime":"1571757608373","env":"pre","templateId":"72005","renderAttrs":"","type":"UnitComponent"},{"layoutId":"71005","layoutStyle":"card","nameSpace":"tbmessage","updateTime":"1571758339649","env":"pre","templateId":"71005","renderAttrs":"","type":"UnitComponent"},{"layoutId":"71006","layoutStyle":"card","nameSpace":"tbmessage","updateTime":"1571758647915","env":"pre","templateId":"71006","renderAttrs":"","type":"UnitComponent"},{"layoutId":"71007","layoutStyle":"card","nameSpace":"tbmessage","updateTime":"1571758799402","env":"pre","templateId":"71007","renderAttrs":"","type":"UnitComponent"},{"layoutId":"74001","layoutStyle":"bubble","nameSpace":"tbmessage","updateTime":"1571915833636","env":"pre","templateId":"74001","renderAttrs":"","type":"UnitComponent"},{"layoutId":"74002","layoutStyle":"bubble","nameSpace":"tbmessage","updateTime":"1571915969583","env":"pre","templateId":"74002","renderAttrs":"","type":"UnitComponent"},{"layoutId":"70002","layoutStyle":"bubble","nameSpace":"tbmessage","updateTime":"1572490590776","env":"pub","templateId":"70002","renderAttrs":"","type":"UnitComponent"},{"layoutId":"78001","layoutStyle":"bubble","nameSpace":"tbmessage","updateTime":"1573542170833","env":"pre","templateId":"78001","renderAttrs":"","type":"UnitComponent"},{"layoutId":"72004","layoutStyle":"card","nameSpace":"tbmessage","updateTime":"1574061216003","env":"pub","templateId":"72004","renderAttrs":"","type":"UnitComponent"},{"layoutId":"72001","layoutStyle":"card","nameSpace":"tbmessage","updateTime":"1576727090671","env":"pub","templateId":"72001","renderAttrs":"","type":"UnitComponent"},{"layoutId":"71001","layoutStyle":"card","nameSpace":"tbmessage","updateTime":"1576727610213","env":"pub","templateId":"71001","renderAttrs":"","type":"UnitComponent"},{"layoutId":"72002","layoutStyle":"card","nameSpace":"tbmessage","updateTime":"1576727920558","env":"pub","templateId":"72002","renderAttrs":"","type":"UnitComponent"},{"layoutId":"72002","layoutStyle":"card","nameSpace":"tbmessage","updateTime":"1576727920558","env":"pub","templateId":"72002","renderAttrs":"","type":"UnitComponent"},{"layoutId":"72003","layoutStyle":"card","nameSpace":"tbmessage","updateTime":"1576728215437","env":"pub","templateId":"72003","renderAttrs":"","type":"UnitComponent"},{"layoutId":"71002","layoutStyle":"card","nameSpace":"tbmessage","updateTime":"1576728600161","env":"pub","templateId":"71002","renderAttrs":"","type":"UnitComponent"},{"layoutId":"71003","layoutStyle":"card","nameSpace":"tbmessage","updateTime":"1576728777249","env":"pub","templateId":"71003","renderAttrs":"","type":"UnitComponent"},{"layoutId":"90001","layoutStyle":"bubble","nameSpace":"tbmessage","updateTime":"1577159393856","env":"pub","templateId":"90001","renderAttrs":"","type":"UnitComponent"},{"layoutId":"88001","layoutStyle":"card","nameSpace":"tbmessage","updateTime":"1577170031560","env":"pub","templateId":"88001","renderAttrs":"","type":"UnitComponent"},{"layoutId":"53001","layoutStyle":"card","nameSpace":"tbmessage","updateTime":"1578985310860","env":"pub","templateId":"53002","renderAttrs":"","type":"UnitComponent"},{"layoutId":"73002","layoutStyle":"bubble","nameSpace":"tbmessage","updateTime":"1580886159460","env":"pub","templateId":"73002","renderAttrs":"{\"weexJs\":\"https://market.m.taobao.com/app/msgCardDinamicx/message_card/pages/group_broadcast_text_content_card?wh_ttid=native\"}","type":"UnitComponent"},{"layoutId":"73002","layoutStyle":"bubble","nameSpace":"tbmessage","updateTime":"1580893280086","env":"pub","templateId":"73003","renderAttrs":"{\"weexJs\":\"https://market.m.taobao.com/app/msgCardDinamicx/message_card/pages/group_broadcast_text_content_card?wh_ttid=native\"}","type":"UnitComponent"},{"layoutId":"98001","layoutStyle":"card","nameSpace":"tbmessage","updateTime":"1582011479378","env":"pub","templateId":"98001","renderAttrs":"{\"weexJs\":\"https://market.m.taobao.com/app/msgCardDinamicx/message_card/pages/hudong_like_single_attachment?wh_weex=true&wh_ttid=native\"}","type":"UnitComponent"},{"layoutId":"99001","layoutStyle":"card","nameSpace":"tbmessage","updateTime":"1582011487961","env":"pub","templateId":"99001","renderAttrs":"{\"weexJs\":\"https://market.m.taobao.com/app/msgCardDinamicx/message_card/pages/hudong_like_mult_attachment?wh_weex=true&wh_ttid=native\"}","type":"UnitComponent"},{"layoutId":"53001","layoutStyle":"card","nameSpace":"tbmessage","updateTime":"1586413835124","env":"pub","templateId":"53001","renderAttrs":"{\"weexJs\":\"https://market.m.taobao.com/app/msgCardDinamicx/message_card/pages/official_compat?wh_ttid=native\",\"bundleJs\":\"https://g.alicdn.com/msgCardDinamicx/message_card_jscore/0.0.6/official_compat/bundle.js\"}","type":"UnitComponent"},{"layoutId":"64001","layoutStyle":"bubble","nameSpace":"tbmessage","updateTime":"1586413851644","env":"pub","templateId":"64001","renderAttrs":"{\"weexJs\":\"https://market.m.taobao.com/app/msgCardDinamicx/message_card/pages/goods_single?wh_weex=true&wh_ttid=native\",\"bundleJs\":\"https://g.alicdn.com/msgCardDinamicx/message_card_jscore/0.0.6/goods_single/bundle.js\"}","type":"UnitComponent"},{"layoutId":"107001","layoutStyle":"bubble","nameSpace":"tbmessage","updateTime":"1587019613676","env":"pub","templateId":"107001","renderAttrs":"{\"weexJs\":\"https://market.m.taobao.com/app/msgCardDinamicx/message_card/pages/flash_sale?wh_weex=true&wh_ttid=native\"}","type":"UnitComponent"},{"layoutId":"50001","layoutStyle":"bubble","nameSpace":"tbmessage","updateTime":"1587361881591","env":"pub","templateId":"50001","renderAttrs":"{\"weexJs\":\"https://market.m.taobao.com/app/msgCardDinamicx/message_card_a1/pages/index?wh_ttid=native&version=v5\",\"bundleJs\":\"https://g.alicdn.com/msgCardDinamicx/message_card_jscore/0.0.6/message_card_a1/bundle.js\"}","type":"UnitComponent"},{"layoutId":"106001","layoutStyle":"bubble","nameSpace":"tbmessage","updateTime":"1587459080925","env":"pub","templateId":"106001","renderAttrs":"","type":"UnitComponent"},{"layoutId":"110001","layoutStyle":"bubble","nameSpace":"tbmessage","updateTime":"1588151311331","env":"pub","templateId":"110001","renderAttrs":"","type":"UnitComponent"},{"layoutId":"23044","layoutStyle":"card","nameSpace":"tbmessage","updateTime":"1588753376185","env":"pub","templateId":"106","renderAttrs":"","type":"UnitComponent"},{"layoutId":"109002","layoutStyle":"bubble","nameSpace":"tbmessage","updateTime":"1588761031579","env":"pub","templateId":"109002","renderAttrs":"","type":"UnitComponent"},{"layoutId":"114002","layoutStyle":"bubble","nameSpace":"tbmessage","updateTime":"1588919791905","env":"pub","templateId":"114002","renderAttrs":"","type":"UnitComponent"},{"layoutId":"107001","layoutStyle":"bubble","nameSpace":"tbmessage","updateTime":"1589964225709","env":"pub","templateId":"107002","renderAttrs":"","type":"UnitComponent"},{"layoutId":"106002","layoutStyle":"bubble","nameSpace":"tbmessage","updateTime":"1591772555213","env":"pub","templateId":"106003","renderAttrs":"","type":"UnitComponent"},{"layoutId":"106002","layoutStyle":"bubble","nameSpace":"tbmessage","updateTime":"1591772609652","env":"pub","templateId":"106002","renderAttrs":"","type":"UnitComponent"},{"layoutId":"114001","layoutStyle":"bubble","nameSpace":"tbmessage","updateTime":"1592895213842","env":"pub","templateId":"114001","renderAttrs":"","type":"UnitComponent"},{"layoutId":"73002","layoutStyle":"bubble","nameSpace":"tbmessage","updateTime":"1593313644984","env":"pub","templateId":"73004","renderAttrs":"{\"weexJs\":\"https://market.m.taobao.com/app/msgCardDinamicx/message_card/pages/flash_sale_broadcast_text_content?wh_ttid=native\"}","type":"UnitComponent"},{"layoutId":"113001","layoutStyle":"card","nameSpace":"tbmessage","updateTime":"1593497222829","env":"pub","templateId":"113001","renderAttrs":"","type":"UnitComponent"},{"layoutId":"119001","layoutStyle":"bubble","nameSpace":"tbmessage","updateTime":"1593585938726","env":"pub","templateId":"73005","renderAttrs":"","type":"UnitComponent"},{"layoutId":"122002","layoutStyle":"bubble","nameSpace":"tbmessage","updateTime":"1596002330431","env":"pub","templateId":"122002","renderAttrs":"","type":"UnitComponent"},{"layoutId":"122001","layoutStyle":"bubble","nameSpace":"tbmessage","updateTime":"1596002347158","env":"pub","templateId":"122001","renderAttrs":"","type":"UnitComponent"},{"layoutId":"122004","layoutStyle":"bubble","nameSpace":"tbmessage","updateTime":"1596008857316","env":"pub","templateId":"122004","renderAttrs":"","type":"UnitComponent"},{"layoutId":"121002","layoutStyle":"bubble","nameSpace":"tbmessage","updateTime":"1596023018682","env":"pub","templateId":"121002","renderAttrs":"","type":"UnitComponent"},{"layoutId":"121001","layoutStyle":"bubble","nameSpace":"tbmessage","updateTime":"1596023033222","env":"pub","templateId":"121001","renderAttrs":"{\"weexJs\":\"https://market.m.taobao.com/app/msgCardDinamicx/message_card/pages/group_broadcast_text_content_card_new?wh_ttid=native\"}","type":"UnitComponent"},{"layoutId":"106001","layoutStyle":"bubble","nameSpace":"tbmessage","updateTime":"1597126842469","env":"pub","templateId":"10600101","renderAttrs":"{\"weexJs\":\"https://market.m.taobao.com/app/msgCardDinamicx/message_card/pages/group_move?wh_weex=true&wh_ttid=native\"}","type":"UnitComponent"},{"layoutId":"106001","layoutStyle":"bubble","nameSpace":"tbmessage","updateTime":"1597215492330","env":"pub","templateId":"10600102","renderAttrs":"{\"weexJs\":\"https://market.m.taobao.com/app/msgCardDinamicx/message_card/pages/group_recall?wh_weex=true&wh_ttid=native\"}","type":"UnitComponent"},{"layoutId":"128001","layoutStyle":"bubble","nameSpace":"tbmessage","updateTime":"1598841689517","env":"pub","templateId":"12800101","renderAttrs":"","type":"UnitComponent"},{"layoutId":"127001","layoutStyle":"bubble","nameSpace":"tbmessage","updateTime":"1598841695175","env":"pub","templateId":"127001","renderAttrs":"","type":"UnitComponent"},{"layoutId":"124001","layoutStyle":"bubble","nameSpace":"tbmessage","updateTime":"1599099593057","env":"pub","templateId":"124001","renderAttrs":"","type":"UnitComponent"},{"layoutId":"126004","layoutStyle":"bubble","nameSpace":"tbmessage","updateTime":"1599099613228","env":"pub","templateId":"126004","renderAttrs":"","type":"UnitComponent"},{"layoutId":"73001","layoutStyle":"bubble","nameSpace":"tbmessage","updateTime":"1600073945002","env":"pub","templateId":"73001","renderAttrs":"{\"weexJs\":\"https://market.m.taobao.com/app/msgCardDinamicx/message_card/pages/group_broadcast_pic_content_card?wh_ttid=native\"}","type":"UnitComponent"},{"layoutId":"131007","layoutStyle":"bubble","nameSpace":"tbmessage","updateTime":"1600161891857","env":"pub","templateId":"131007","renderAttrs":"","type":"UnitComponent"},{"layoutId":"131004","layoutStyle":"bubble","nameSpace":"tbmessage","updateTime":"1600162972563","env":"pub","templateId":"131004","renderAttrs":"","type":"UnitComponent"},{"layoutId":"131005","layoutStyle":"bubble","nameSpace":"tbmessage","updateTime":"1600163052327","env":"pub","templateId":"131005","renderAttrs":"","type":"UnitComponent"},{"layoutId":"131006","layoutStyle":"bubble","nameSpace":"tbmessage","updateTime":"1600163736991","env":"pub","templateId":"131006","renderAttrs":"","type":"UnitComponent"},{"layoutId":"131003","layoutStyle":"bubble","nameSpace":"tbmessage","updateTime":"1600164096314","env":"pub","templateId":"131003","renderAttrs":"","type":"UnitComponent"},{"layoutId":"131002","layoutStyle":"bubble","nameSpace":"tbmessage","updateTime":"1601278048476","env":"pub","templateId":"131002","renderAttrs":"{\"bundleJs\":\"https://g.alicdn.com/mpds/component_platform_area_biz/0.0.1/bundle.js\"}","type":"UnitComponent"},{"layoutId":"138003","layoutStyle":"card","nameSpace":"tbmessage","updateTime":"1605162078225","env":"pub","templateId":"138003","renderAttrs":"","type":"UnitComponent"},{"layoutId":"141002","layoutStyle":"card","nameSpace":"tbmessage","updateTime":"1605162179566","env":"pub","templateId":"141002","renderAttrs":"","type":"UnitComponent"},{"layoutId":"134001","layoutStyle":"card","nameSpace":"tbmessage","updateTime":"1605162350247","env":"pub","templateId":"134002","renderAttrs":"","type":"UnitComponent"},{"layoutId":"141003","layoutStyle":"card","nameSpace":"tbmessage","updateTime":"1605596478055","env":"pub","templateId":"141003","renderAttrs":"","type":"UnitComponent"},{"layoutId":"140001","layoutStyle":"card","nameSpace":"tbmessage","updateTime":"1605596490329","env":"pub","templateId":"140001","renderAttrs":"","type":"UnitComponent"},{"layoutId":"140001","layoutStyle":"card","nameSpace":"tbmessage","updateTime":"1605596490329","env":"pub","templateId":"140001","renderAttrs":"","type":"UnitComponent"},{"layoutId":"143006","layoutStyle":"card","nameSpace":"tbmessage","updateTime":"1608095018049","env":"pub","templateId":"143006","renderAttrs":"","type":"UnitComponent"},{"layoutId":"132001","layoutStyle":"bubble","nameSpace":"tbmessage","updateTime":"1608107361616","env":"pub","templateId":"132001","renderAttrs":"{\"bundleJs\":\"https://g.alicdn.com/msgCardDinamicx/message_card_jscore/0.0.11/message_items_buy/bundle.js\",\"weexJs\":\"https://market.m.taobao.com/app/msgCardDinamicx/message_card/pages/message_items_buy?wh_ttid=native\"}","type":"UnitComponent"},{"layoutId":"144004","layoutStyle":"bubble","nameSpace":"tbmessage","updateTime":"1608792447837","env":"pub","templateId":"144004","renderAttrs":"","type":"UnitComponent"},{"layoutId":"144003","layoutStyle":"bubble","nameSpace":"tbmessage","updateTime":"1608792786313","env":"pub","templateId":"144003","renderAttrs":"","type":"UnitComponent"},{"layoutId":"144005","layoutStyle":"bubble","nameSpace":"tbmessage","updateTime":"1608792911212","env":"pub","templateId":"144005","renderAttrs":"","type":"UnitComponent"},{"layoutId":"144002","layoutStyle":"bubble","nameSpace":"tbmessage","updateTime":"1608792996356","env":"pub","templateId":"144002","renderAttrs":"","type":"UnitComponent"},{"layoutId":"104002","layoutStyle":"card","nameSpace":"tbmessage","updateTime":"1608795535748","env":"pub","templateId":"104002","renderAttrs":"","type":"UnitComponent"},{"layoutId":"142002","layoutStyle":"card","nameSpace":"tbmessage","updateTime":"1609232513520","env":"pub","templateId":"142002","renderAttrs":"{\"weexJs\":\"https://market.m.taobao.com/app/msgCardDinamicx/message_card/pages/service_comment?wh_weex=true&wh_ttid=native\"}","type":"UnitComponent"},{"layoutId":"147001","layoutStyle":"bubble","nameSpace":"tbmessage","updateTime":"1613719923653","env":"pub","templateId":"147001","renderAttrs":"","type":"UnitComponent"},{"layoutId":"151001","layoutStyle":"card","nameSpace":"tbmessage","updateTime":"1614584231282","env":"pub","templateId":"151001","renderAttrs":"","type":"UnitComponent"},{"layoutId":"152002","layoutStyle":"bubble","nameSpace":"tbmessage","updateTime":"1615788854408","env":"pub","templateId":"152002","renderAttrs":"","type":"UnitComponent"},{"layoutId":"152001","layoutStyle":"bubble","nameSpace":"tbmessage","updateTime":"1616394899152","env":"pub","templateId":"152001","renderAttrs":"","type":"UnitComponent"},{"layoutId":"155002","layoutStyle":"bubble","nameSpace":"tbmessage","updateTime":"1617019601819","env":"pub","templateId":"155002","renderAttrs":"","type":"UnitComponent"},{"layoutId":"164002","layoutStyle":"bubble","nameSpace":"tbmessage","updateTime":"1619685590555","env":"pub","templateId":"164002","renderAttrs":"","type":"UnitComponent"},{"layoutId":"166004","layoutStyle":"bubble","nameSpace":"tbmessage","updateTime":"1622622572762","env":"pub","templateId":"166004","renderAttrs":"","type":"UnitComponent"},{"layoutId":"171001","layoutStyle":"bubble","nameSpace":"tbmessage","updateTime":"1624267192973","env":"pub","templateId":"171001","renderAttrs":"","type":"UnitComponent"},{"layoutId":"179001","layoutStyle":"card","nameSpace":"tbmessage","updateTime":"1625730243098","env":"pub","templateId":"179001","renderAttrs":"","type":"UnitComponent"},{"layoutId":"166002","layoutStyle":"card","nameSpace":"tbmessage","updateTime":"1625730372177","env":"pub","templateId":"166002","renderAttrs":"","type":"UnitComponent"},{"layoutId":"185002","layoutStyle":"bubble","nameSpace":"tbmessage","updateTime":"1626750040140","env":"pub","templateId":"185002","renderAttrs":"","type":"UnitComponent"},{"layoutId":"164003","layoutStyle":"bubble","nameSpace":"tbmessage","updateTime":"1628065845899","env":"pub","templateId":"164003","renderAttrs":"","type":"UnitComponent"},{"layoutId":"170015","layoutStyle":"card","nameSpace":"tbmessage","updateTime":"1628584009728","env":"pub","templateId":"170015","renderAttrs":"{\"bundleJs\":\"https://g.alicdn.com/msgCardDinamicx/message_card_jscore/0.0.22/message_card_game_notice/bundle.js\"}","type":"UnitComponent"},{"layoutId":"128001","layoutStyle":"bubble","nameSpace":"tbmessage","updateTime":"1629882824181","env":"pub","templateId":"128001","renderAttrs":"","type":"UnitComponent"},{"layoutId":"185004","layoutStyle":"bubble","nameSpace":"tbmessage","updateTime":"1629969357757","env":"pub","templateId":"185004","renderAttrs":"","type":"UnitComponent"},{"layoutId":"191001","layoutStyle":"bubble","nameSpace":"tbmessage","updateTime":"1630048967769","env":"pub","templateId":"191001","renderAttrs":"","type":"UnitComponent"},{"layoutId":"164001","layoutStyle":"bubble","nameSpace":"tbmessage","updateTime":"1631690614978","env":"pub","templateId":"164001","renderAttrs":"{\"bundleJs\":\"https://g.alicdn.com/msgCardDinamicx/message_card_jscore/0.0.26/message_redpackage_explose/bundle.js\"}","type":"UnitComponent"},{"layoutId":"197003","layoutStyle":"bubble","nameSpace":"tbmessage","updateTime":"1631761107402","env":"pub","templateId":"197166","renderAttrs":"","type":"UnitComponent"},{"layoutId":"191013","layoutStyle":"bubble","nameSpace":"tbmessage","updateTime":"1631774566640","env":"pub","templateId":"191013","renderAttrs":"","type":"UnitComponent"},{"layoutId":"168001","layoutStyle":"bubble","nameSpace":"tbmessage","updateTime":"1632367760120","env":"pub","templateId":"168001","renderAttrs":"","type":"UnitComponent"},{"layoutId":"200008","layoutStyle":"bubble","nameSpace":"tbmessage","updateTime":"1632369184223","env":"pub","templateId":"200008","renderAttrs":"{\"bundleJs\":\"https://g.alicdn.com/msgCardDinamicx/message_card_jscore/0.0.29/message_card_benefit/bundle.js\"}","type":"UnitComponent"},{"layoutId":"143002","layoutStyle":"card","nameSpace":"tbmessage","updateTime":"1632725031829","env":"pub","templateId":"143002","renderAttrs":"{\"bundleJs\":\"https://g.alicdn.com/msgCardDinamicx/message_card_jscore/0.0.28/message_card_interact_like/bundle.js\"}","type":"UnitComponent"},{"layoutId":"143004","layoutStyle":"card","nameSpace":"tbmessage","updateTime":"1632725035966","env":"pub","templateId":"143004","renderAttrs":"{\"bundleJs\":\"https://g.alicdn.com/msgCardDinamicx/message_card_jscore/0.0.28/message_card_interact_notice/bundle.js\"}","type":"UnitComponent"},{"layoutId":"143001","layoutStyle":"card","nameSpace":"tbmessage","updateTime":"1632725272058","env":"pub","templateId":"143001","renderAttrs":"{\"bundleJs\":\"https://g.alicdn.com/msgCardDinamicx/message_card_jscore/0.0.28/message_card_interact_fans/bundle.js\"}","type":"UnitComponent"},{"layoutId":"143003","layoutStyle":"card","nameSpace":"tbmessage","updateTime":"1632725282538","env":"pub","templateId":"143003","renderAttrs":"{\"bundleJs\":\"https://g.alicdn.com/msgCardDinamicx/message_card_jscore/0.0.28/message_card_interact_comment/bundle.js\"}","type":"UnitComponent"},{"layoutId":"199022","layoutStyle":"card","nameSpace":"tbmessage","updateTime":"1632726463461","env":"pub","templateId":"199022","renderAttrs":"","type":"UnitComponent"},{"layoutId":"195005","layoutStyle":"bubble","nameSpace":"tbmessage","updateTime":"1632814411490","env":"pub","templateId":"195008","renderAttrs":"","type":"UnitComponent"},{"layoutId":"199011","layoutStyle":"bubble","nameSpace":"tbmessage","updateTime":"1632828678905","env":"pub","templateId":"199011","renderAttrs":"","type":"UnitComponent"},{"layoutId":"195011","layoutStyle":"bubble","nameSpace":"tbmessage","updateTime":"1633674108667","env":"pub","templateId":"195011","renderAttrs":"{\"bundleJs\":\"https://g.alicdn.com/msgCardDinamicx/message_card_jscore/0.0.27/message_second_part_activity/bundle.js\"}","type":"UnitComponent"},{"layoutId":"199020","layoutStyle":"card","nameSpace":"tbmessage","updateTime":"1636959460335","env":"pub","templateId":"199020","renderAttrs":"","type":"UnitComponent"},{"layoutId":"196006","layoutStyle":"bubble","nameSpace":"tbmessage","updateTime":"1637552125324","env":"pub","templateId":"196059","renderAttrs":"","type":"UnitComponent"},{"layoutId":"214006","layoutStyle":"bubble","nameSpace":"tbmessage","updateTime":"1638778992608","env":"pub","templateId":"214006","renderAttrs":"","type":"UnitComponent"},{"layoutId":"218001","layoutStyle":"bubble","nameSpace":"tbmessage","updateTime":"1639021973468","env":"pub","templateId":"218001","renderAttrs":"","type":"UnitComponent"},{"layoutId":"281003","layoutStyle":"bubble","nameSpace":"tbmessage","updateTime":"1685003071959","env":"pub","templateId":"281003","renderAttrs":"","type":"UnitComponent"},{"layoutId":"281004","layoutStyle":"bubble","nameSpace":"tbmessage","updateTime":"1685003079981","env":"pub","templateId":"281004","renderAttrs":"","type":"UnitComponent"},{"layoutId":"211001","layoutStyle":"bubble","nameSpace":"tbmessage","updateTime":"1639540157119","env":"pub","templateId":"211001","renderAttrs":"","type":"UnitComponent"},{"layoutId":"167003","layoutStyle":"card","nameSpace":"tbmessage","updateTime":"1639640972167","env":"pub","templateId":"167004","renderAttrs":"{\"bundleJs\":\"https://g.alicdn.com/msgCardDinamicx/message_card_jscore/0.0.35/message_card_discount/bundle.js?wh_ttid=native\"}","type":"UnitComponent"},{"layoutId":"223002","layoutStyle":"bubble","nameSpace":"tbmessage","updateTime":"1639646662063","env":"pub","templateId":"223002","renderAttrs":"","type":"UnitComponent"},{"layoutId":"199021","layoutStyle":"bubble","nameSpace":"tbmessage","updateTime":"1640098065459","env":"pub","templateId":"199021","renderAttrs":"","type":"UnitComponent"},{"layoutId":"200010","layoutStyle":"bubble","nameSpace":"tbmessage","updateTime":"1640225836667","env":"pub","templateId":"200010","renderAttrs":"","type":"UnitComponent"},{"layoutId":"24029","layoutStyle":"bubble","nameSpace":"tbmessage","updateTime":"1645674037255","env":"pub","templateId":"503","renderAttrs":"","type":"UnitComponent"},{"layoutId":"222004","layoutStyle":"bubble","nameSpace":"tbmessage","updateTime":"1640226256773","env":"pub","templateId":"129","renderAttrs":"","type":"UnitComponent"},{"layoutId":"216007","layoutStyle":"bubble","nameSpace":"tbmessage","updateTime":"1640247433700","env":"pub","templateId":"216007","renderAttrs":"","type":"UnitComponent"},{"layoutId":"216007","layoutStyle":"bubble","nameSpace":"tbmessage","updateTime":"1640247433700","env":"pub","templateId":"216007","renderAttrs":"","type":"UnitComponent"},{"layoutId":"222003","layoutStyle":"bubble","nameSpace":"tbmessage","updateTime":"1640853730188","env":"pub","templateId":"222003","renderAttrs":"","type":"UnitComponent"},{"layoutId":"223001","layoutStyle":"card","nameSpace":"tbmessage","updateTime":"1642042772643","env":"pub","templateId":"223001","renderAttrs":"{\"\":\"\"}","type":"UnitComponent"},{"layoutId":"222006","layoutStyle":"bubble","nameSpace":"tbmessage","updateTime":"1642593702834","env":"pub","templateId":"222006","renderAttrs":"","type":"UnitComponent"},{"layoutId":"217002","layoutStyle":"bubble","nameSpace":"tbmessage","updateTime":"1642687846648","env":"pub","templateId":"217002","renderAttrs":"","type":"UnitComponent"},{"layoutId":"229001","layoutStyle":"bubble","nameSpace":"tbmessage","updateTime":"1644205262599","env":"pub","templateId":"229001","renderAttrs":"","type":"UnitComponent"},{"layoutId":"223003","layoutStyle":"bubble","nameSpace":"tbmessage","updateTime":"1645068418891","env":"pub","templateId":"223003","renderAttrs":"","type":"UnitComponent"},{"layoutId":"23042","layoutStyle":"bubble","nameSpace":"tbmessage","updateTime":"1645510173000","env":"pub","templateId":"101","renderAttrs":"{\"weexJs\":\"\"}","type":"UnitComponent"},{"layoutId":"216006","layoutStyle":"bubble","nameSpace":"tbmessage","updateTime":"1645517566412","env":"pub","templateId":"216006","renderAttrs":"","type":"UnitComponent"},{"layoutId":"228006","layoutStyle":"bubble","nameSpace":"tbmessage","updateTime":"1646037382286","env":"pub","templateId":"228006","renderAttrs":"","type":"UnitComponent"},{"layoutId":"228009","layoutStyle":"bubble","nameSpace":"tbmessage","updateTime":"1646037400987","env":"pub","templateId":"228009","renderAttrs":"","type":"UnitComponent"},{"layoutId":"228004","layoutStyle":"bubble","nameSpace":"tbmessage","updateTime":"1646037412897","env":"pub","templateId":"228004","renderAttrs":"","type":"UnitComponent"},{"layoutId":"228010","layoutStyle":"bubble","nameSpace":"tbmessage","updateTime":"1646037414901","env":"pub","templateId":"228010","renderAttrs":"","type":"UnitComponent"},{"layoutId":"231001","layoutStyle":"bubble","nameSpace":"tbmessage","updateTime":"1646037427719","env":"pub","templateId":"231001","renderAttrs":"","type":"UnitComponent"},{"layoutId":"228003","layoutStyle":"bubble","nameSpace":"tbmessage","updateTime":"1646037433829","env":"pub","templateId":"228003","renderAttrs":"{\"weexJs\":\"https://market.m.taobao.com/app/msgCardDinamicx/message_card/pages/goods_shepin?wh_ttid=native\"}","type":"UnitComponent"},{"layoutId":"241008","layoutStyle":"bubble","nameSpace":"tbmessage","updateTime":"1647327141801","env":"pub","templateId":"241008","renderAttrs":"","type":"UnitComponent"},{"layoutId":"146001","layoutStyle":"card","nameSpace":"tbmessage","updateTime":"1647487982483","env":"pub","templateId":"146001","renderAttrs":"{\"bundleJs\":\"https://g.alicdn.com/mpds/component_bcchat_bottom_biz/0.0.5/bundle.js\"}","type":"UnitComponent"},{"layoutId":"241005","layoutStyle":"card","nameSpace":"tbmessage","updateTime":"1648715255230","env":"pub","templateId":"241005","renderAttrs":"","type":"UnitComponent"},{"layoutId":"246002","layoutStyle":"card","nameSpace":"tbmessage","updateTime":"1649298221618","env":"pub","templateId":"246002","renderAttrs":"","type":"UnitComponent"},{"layoutId":"246001","layoutStyle":"bubble","nameSpace":"tbmessage","updateTime":"1649745847398","env":"pub","templateId":"246001","renderAttrs":"","type":"UnitComponent"},{"layoutId":"248001","layoutStyle":"bubble","nameSpace":"tbmessage","updateTime":"1649817240153","env":"pub","templateId":"248001","renderAttrs":"","type":"UnitComponent"},{"layoutId":"200005","layoutStyle":"bubble","nameSpace":"tbmessage","updateTime":"1649817246346","env":"pub","templateId":"200005","renderAttrs":"","type":"UnitComponent"},{"layoutId":"200006","layoutStyle":"bubble","nameSpace":"tbmessage","updateTime":"1649838038678","env":"pub","templateId":"200006","renderAttrs":"{\"weexJs\":\"https://market.m.taobao.com/app/msgCardDinamicx/message_card/pages/huodong_kaishi?wh_weex=true&wh_ttid=native&1=1\"}","type":"UnitComponent"},{"layoutId":"250001","layoutStyle":"bubble","nameSpace":"tbmessage","updateTime":"1649908195898","env":"pub","templateId":"250001","renderAttrs":"","type":"UnitComponent"},{"layoutId":"220001","layoutStyle":"bubble","nameSpace":"tbmessage","updateTime":"1650617668321","env":"pub","templateId":"220001","renderAttrs":"","type":"UnitComponent"},{"layoutId":"242009","layoutStyle":"bubble","nameSpace":"tbmessage","updateTime":"1651046974499","env":"pub","templateId":"242009","renderAttrs":"","type":"UnitComponent"},{"layoutId":"242008","layoutStyle":"bubble","nameSpace":"tbmessage","updateTime":"1651817055020","env":"pub","templateId":"242008","renderAttrs":"","type":"UnitComponent"},{"layoutId":"246003","layoutStyle":"card","nameSpace":"tbmessage","updateTime":"1652163051281","env":"pub","templateId":"246003","renderAttrs":"{\"weexJs\":\"https://market.m.taobao.com/app/msgCardDinamicx/message_card/pages/service_comment?wh_weex=true&wh_ttid=native&1=1\"}","type":"UnitComponent"},{"layoutId":"254002","layoutStyle":"bubble","nameSpace":"tbmessage","updateTime":"1652414071971","env":"pub","templateId":"254002","renderAttrs":"","type":"UnitComponent"},{"layoutId":"254003","layoutStyle":"bubble","nameSpace":"tbmessage","updateTime":"1652414078136","env":"pub","templateId":"254003","renderAttrs":"","type":"UnitComponent"},{"layoutId":"199014","layoutStyle":"bubble","nameSpace":"tbmessage","updateTime":"1652414084770","env":"pub","templateId":"199014","renderAttrs":"","type":"UnitComponent"},{"layoutId":"254001","layoutStyle":"bubble","nameSpace":"tbmessage","updateTime":"1652414103178","env":"pub","templateId":"254001","renderAttrs":"","type":"UnitComponent"},{"layoutId":"254004","layoutStyle":"bubble","nameSpace":"tbmessage","updateTime":"1652414116405","env":"pub","templateId":"254004","renderAttrs":"","type":"UnitComponent"},{"layoutId":"23044","layoutStyle":"bubble","nameSpace":"tbmessage","updateTime":"1653166804555","env":"pub","templateId":"109100","renderAttrs":"","type":"UnitComponent"},{"layoutId":"242006","layoutStyle":"bubble","nameSpace":"tbmessage","updateTime":"1646733353965","templateId":"109101"},{"layoutId":"242006","layoutStyle":"bubble","nameSpace":"tbmessage","updateTime":"1646734763034","templateId":"109102"},{"layoutId":"242007","layoutStyle":"bubble","nameSpace":"tbmessage","updateTime":"1646733389552","templateId":"109103"},{"layoutId":"251005","layoutStyle":"bubble","nameSpace":"tbmessage","updateTime":"1653285938782","env":"pub","templateId":"251005","renderAttrs":"","type":"UnitComponent"},{"layoutId":"228007","layoutStyle":"bubble","nameSpace":"tbmessage","updateTime":"1653977403626","env":"pub","templateId":"228007","renderAttrs":"","type":"UnitComponent"},{"layoutId":"257002","layoutStyle":"bubble","nameSpace":"tbmessage","updateTime":"1655879184730","env":"pub","templateId":"257002","renderAttrs":"","type":"UnitComponent"},{"layoutId":"251006","layoutStyle":"bubble","nameSpace":"tbmessage","updateTime":"1656420915588","env":"pub","templateId":"251007","renderAttrs":"","type":"UnitComponent"},{"layoutId":"262002","layoutStyle":"bubble","nameSpace":"tbmessage","updateTime":"1657794136799","env":"pub","templateId":"262002","renderAttrs":"","type":"UnitComponent"},{"layoutId":"233002","layoutStyle":"bubble","nameSpace":"tbmessage","updateTime":"1657847245388","env":"pub","templateId":"116","renderAttrs":"","type":"UnitComponent"},{"layoutId":"251003","layoutStyle":"bubble","nameSpace":"tbmessage","updateTime":"1658206594696","env":"pub","templateId":"251003","renderAttrs":"","type":"UnitComponent"},{"layoutId":"259001","layoutStyle":"bubble","nameSpace":"tbmessage","updateTime":"1658457620937","env":"pub","templateId":"259001","renderAttrs":"","type":"UnitComponent"},{"layoutId":"258001","layoutStyle":"bubble","nameSpace":"tbmessage","updateTime":"1658457629162","env":"pub","templateId":"258001","renderAttrs":"","type":"UnitComponent"},{"layoutId":"257004","layoutStyle":"bubble","nameSpace":"tbmessage","updateTime":"1658457636819","env":"pub","templateId":"257004","renderAttrs":"","type":"UnitComponent"},{"layoutId":"262001","layoutStyle":"bubble","nameSpace":"tbmessage","updateTime":"1658816513840","env":"pub","templateId":"262001","renderAttrs":"","type":"UnitComponent"},{"layoutId":"257001","layoutStyle":"bubble","nameSpace":"tbmessage","updateTime":"1659420274764","env":"pub","templateId":"257001","renderAttrs":"","type":"UnitComponent"},{"layoutId":"266001","layoutStyle":"bubble","nameSpace":"tbmessage","updateTime":"1660028599221","env":"pub","templateId":"266001","renderAttrs":"","type":"UnitComponent"},{"layoutId":"262003","layoutStyle":"bubble","nameSpace":"tbmessage","updateTime":"1660029746475","env":"pub","templateId":"262003","renderAttrs":"","type":"UnitComponent"},{"layoutId":"200009","layoutStyle":"bubble","nameSpace":"tbmessage","updateTime":"1660099357756","env":"pub","templateId":"200009","renderAttrs":"{\"bundleJs\":\"https://g.alicdn.com/msgCardDinamicx/message_card_jscore/0.0.38/message_card_coupon/bundle.js\"}","type":"UnitComponent"},{"layoutId":"263005","layoutStyle":"bubble","nameSpace":"tbmessage","updateTime":"1660111436301","env":"pub","templateId":"263005","renderAttrs":"","type":"UnitComponent"},{"layoutId":"263005","layoutStyle":"bubble","nameSpace":"tbmessage","updateTime":"1660111436301","env":"pub","templateId":"263005","renderAttrs":"","type":"UnitComponent"},{"layoutId":"263004","layoutStyle":"card","nameSpace":"tbmessage","updateTime":"1660111448434","env":"pub","templateId":"263004","renderAttrs":"","type":"UnitComponent"},{"layoutId":"264002","layoutStyle":"bubble","nameSpace":"tbmessage","updateTime":"1660620996354","env":"pub","templateId":"264002","renderAttrs":"","type":"UnitComponent"},{"layoutId":"267002","layoutStyle":"card","nameSpace":"tbmessage","updateTime":"1660636383987","env":"pub","templateId":"267002","renderAttrs":"","type":"UnitComponent"},{"layoutId":"270003","layoutStyle":"bubble","nameSpace":"tbmessage","updateTime":"1663665134703","env":"pub","templateId":"270003","renderAttrs":"","type":"UnitComponent"},{"layoutId":"272001","layoutStyle":"bubble","nameSpace":"tbmessage","updateTime":"1663749659673","env":"pub","templateId":"272001","renderAttrs":"","type":"UnitComponent"},{"layoutId":"273001","layoutStyle":"bubble","nameSpace":"tbmessage","updateTime":"1664347011072","env":"pub","templateId":"273001","renderAttrs":"","type":"UnitComponent"},{"layoutId":"241001","layoutStyle":"card","nameSpace":"tbmessage","updateTime":"1666752609910","env":"pub","templateId":"241001","renderAttrs":"{\"bundleJs\":\"https://g.alicdn.com/msgCardDinamicx/message_card_jscore/0.0.41/system_text/bundle.js?1=1\"}","type":"UnitComponent"},{"layoutId":"274001","layoutStyle":"card","nameSpace":"tbmessage","updateTime":"1668609076007","env":"pub","templateId":"274001","renderAttrs":"","type":"UnitComponent"},{"layoutId":"274023","layoutStyle":"card","nameSpace":"tbmessage","updateTime":"1675930303302","env":"pub","templateId":"274023","renderAttrs":"","type":"UnitComponent"},{"layoutId":"274017","layoutStyle":"card","nameSpace":"tbmessage","updateTime":"1676441212282","env":"pub","templateId":"274017","renderAttrs":"","type":"UnitComponent"},{"layoutId":"277002","layoutStyle":"bubble","nameSpace":"tbmessage","updateTime":"1677740940385","env":"pub","templateId":"277002","renderAttrs":"","type":"UnitComponent"},{"layoutId":"278011","layoutStyle":"card","nameSpace":"tbmessage","updateTime":"1683799258355","env":"pub","templateId":"278011","renderAttrs":"","type":"UnitComponent"},{"layoutId":"278010","layoutStyle":"card","nameSpace":"tbmessage","updateTime":"1693366881829","env":"pub","templateId":"278010","renderAttrs":"","type":"UnitComponent"},{"layoutId":"280004","layoutStyle":"card","nameSpace":"tbmessage","updateTime":"1683799246591","env":"pub","templateId":"280004","renderAttrs":"","type":"UnitComponent"},{"layoutId":"280005","layoutStyle":"card","nameSpace":"tbmessage","updateTime":"1683799270815","env":"pub","templateId":"280005","renderAttrs":"","type":"UnitComponent"},{"layoutId":"280006","layoutStyle":"card","nameSpace":"tbmessage","updateTime":"1683799280818","env":"pub","templateId":"280006","renderAttrs":"","type":"UnitComponent"},{"layoutId":"280007","layoutStyle":"card","nameSpace":"tbmessage","updateTime":"1683799285069","env":"pub","templateId":"280007","renderAttrs":"","type":"UnitComponent"},{"layoutId":"278012","layoutStyle":"card","nameSpace":"tbmessage","updateTime":"1683799293221","env":"pub","templateId":"278012","renderAttrs":"","type":"UnitComponent"},{"layoutId":"290003","layoutStyle":"bubble","nameSpace":"tbmessage","updateTime":"1688351665694","env":"pub","templateId":"290003","renderAttrs":"","type":"UnitComponent"},{"layoutId":"321001","layoutStyle":"bubble","nameSpace":"tbmessage","updateTime":"1698298847428","env":"pub","templateId":"321001","renderAttrs":"","type":"UnitComponent"},{"layoutId":"290008","layoutStyle":"bubble","nameSpace":"tbmessage","updateTime":"1688391241778","env":"pub","templateId":"290008","renderAttrs":"","type":"UnitComponent"},{"layoutId":"379001","layoutStyle":"bubble","nameSpace":"tbmessage","updateTime":"1715658471130","env":"pub","templateId":"379001","renderAttrs":"","type":"UnitComponent"},{"layoutId":"241007","layoutStyle":"bubble","nameSpace":"tbmessage","updateTime":"1646980693272","env":"pub","templateId":"107","renderAttrs":"","type":"UnitComponent"},{"layoutId":"278018","layoutStyle":"bubble","nameSpace":"tbmessage","updateTime":"1646980693272","env":"pub","templateId":"278018","renderAttrs":"","type":"UnitComponent"},{"layoutId":"308001","layoutStyle":"bubble","nameSpace":"tbmessage","updateTime":"1695107572159","env":"pub","templateId":"308001","renderAttrs":"","type":"UnitComponent"},{"layoutId":"322001","layoutStyle":"card","nameSpace":"tbmessage","updateTime":"1701241271380","env":"pub","templateId":"322001","renderAttrs":"","type":"UnitComponent"},{"layoutId":"323001","layoutStyle":"bubble","nameSpace":"tbmessage","updateTime":"1702638515367","env":"pub","templateId":"323001","renderAttrs":"","type":"UnitComponent"},{"layoutId":"365002","layoutStyle":"bubble","nameSpace":"tbmessage","updateTime":"1711426189597","env":"pub","templateId":"365002","renderAttrs":"","type":"UnitComponent"},{"layoutId":"333001","layoutStyle":"bubble","nameSpace":"tbmessage","updateTime":"1706496965098","env":"pub","templateId":"333001","renderAttrs":"","type":"UnitComponent"},{"layoutId":"274002","layoutStyle":"card","nameSpace":"tbmessage","updateTime":"1668667283759","env":"pub","templateId":"274002","renderAttrs":"","type":"UnitComponent"},{"layoutId":"347001","layoutStyle":"card","nameSpace":"tbmessage","updateTime":"1704785735006","env":"pub","templateId":"347001","renderAttrs":"","type":"UnitComponent"},{"layoutId":"274014","layoutStyle":"card","nameSpace":"tbmessage","updateTime":"1673579337596","env":"pub","templateId":"274014","renderAttrs":"","type":"UnitComponent"}]